:020000040800F2
:10000000002000207D2C0008912A0008992A000871
:1000100000000000000000000000000000000000E0
:10002000000000000000000000000000A12A0008FD
:100030000000000000000000AB2A0008B52A0008FC
:10004000CD2C0008CD2C0008CD2C0008CD2C0008AC
:10005000CD2C0008CD2C0008CD2C0008CD2C00089C
:10006000CD2C0008CD2C0008CD2C0008CD2C00088C
:10007000C52A0008CD2C000800000000CD2C000887
:1000800000000000DD2A0008000000000000000061
:10009000CD2C000800000000CD2C0008CD2C00085D
:1000A000CD2C0008CD2C0008CD2C0008CD2C00084C
:1000B000CD2C0008CD2C0008CD2C0008CD2C00083C
:1000C00010B5064C2378002B07D1054B002B02D02E
:1000D000044800E000BF0123237010BDD4010020BC
:1000E00000000000A8940008044B10B5002B03D0BA
:1000F0000349044800E000BF10BDC04600000000F6
:10010000D8010020A89400080023C25C0133002A13
:10011000FBD1581E7047000002B4714649084900DF
:10012000095C49008E4402BC7047C04603B4714666
:10013000490840004900095E49008E4403BC7047ED
:10014000002243088B4274D303098B425FD3030A16
:100150008B4244D3030B8B4228D3030C8B420DD329
:10016000FF22090212BA030C8B4202D312120902B7
:1001700065D0030B8B4219D300E0090AC30B8B42F5
:1001800001D3CB03C01A5241830B8B4201D38B03A3
:10019000C01A5241430B8B4201D34B03C01A524148
:1001A000030B8B4201D30B03C01A5241C30A8B428B
:1001B00001D3CB02C01A5241830A8B4201D38B0276
:1001C000C01A5241430A8B4201D34B02C01A52411A
:1001D000030A8B4201D30B02C01A5241CDD2C3098C
:1001E0008B4201D3CB01C01A524183098B4201D308
:1001F0008B01C01A524143098B4201D34B01C01AF3
:10020000524103098B4201D30B01C01A5241C3086A
:100210008B4201D3CB00C01A524183088B4201D3D9
:100220008B00C01A524143088B4201D34B00C01AC5
:100230005241411A00D20146524110467047FFE731
:1002400001B5002000F0F0F802BDC0460029F7D04B
:1002500076E7704703460B437FD4002243088B4266
:1002600074D303098B425FD3030A8B4244D3030B3D
:100270008B4228D3030C8B420DD3FF22090212BA02
:10028000030C8B4202D31212090265D0030B8B427E
:1002900019D300E0090AC30B8B4201D3CB03C01A68
:1002A0005241830B8B4201D38B03C01A5241430B43
:1002B0008B4201D34B03C01A5241030B8B4201D333
:1002C0000B03C01A5241C30A8B4201D3CB02C01A9E
:1002D0005241830A8B4201D38B02C01A5241430A16
:1002E0008B4201D34B02C01A5241030A8B4201D305
:1002F0000B02C01A5241CDD2C3098B4201D3CB01AC
:10030000C01A524183098B4201D38B01C01A52415A
:1003100043098B4201D34B01C01A524103098B425E
:1003200001D30B01C01A5241C3088B4201D3CB0049
:10033000C01A524183088B4201D38B00C01A52412C
:1003400043088B4201D34B00C01A5241411A00D2DC
:1003500001465241104670475DE0CA0F00D0494245
:10036000031000D34042534000229C4603098B42B5
:100370002DD3030A8B4212D3FC22890112BA030A3D
:100380008B420CD3890192118B4208D389019211BF
:100390008B4204D389013AD0921100E08909C30944
:1003A0008B4201D3CB01C01A524183098B4201D346
:1003B0008B01C01A524143098B4201D34B01C01A31
:1003C000524103098B4201D30B01C01A5241C308A9
:1003D0008B4201D3CB00C01A524183088B4201D318
:1003E0008B00C01A5241D9D243088B4201D34B0033
:1003F000C01A5241411A00D20146634652415B1075
:10040000104601D34042002B00D549427047634655
:100410005B1000D3404201B5002000F005F802BD9A
:100420000029F8D016E770477047C0468446100090
:1004300062468C461900634600E0C0461FB501F0D5
:1004400033F8002801D40021C8421FBD10B500F0C8
:1004500077FF4042013010BD10B501F025F80028AB
:1004600001DB002010BD012010BDC04610B501F019
:100470001BF8002801DD002010BD012010BDC04682
:1004800010B500F0A1FF002801DC002010BD012004
:1004900010BDC04610B500F097FF002801DA00201B
:1004A00010BD012010BDC04670B500220C4B0400E9
:1004B0000D00FFF7EFFF002804D12000290001F014
:1004C00073FF70BD064B00222000290001F040FBA5
:1004D00001F06AFF80231B069C466044F1E7C0469A
:1004E0000000E04170B50022002304000D00FFF77A
:1004F000B3FF002808D12000290000F00FF8020007
:100500000B001000190070BD80231B06E9182000A5
:1005100000F004F8002342428B41F2E770B500225C
:100520000B4B0D00040001F02DF8FFF7BDFF060096
:1005300001F0A4FF0022074B01F024F802000B0099
:100540002000290001F004FBFFF7AEFF310070BD71
:100550000000F03D0000F04170B50600080001F019
:100560005FFF0022064B01F00DF80D000400300083
:1005700001F084FF2B00220000F004F870BDC0469B
:100580000000F041F0B54F464646D646C0B582B0B1
:10059000009001910E034C00CD0F710A009E5F0088
:1005A000760F0E43009900920193C9008946190302
:1005B0007B0D9846019B490ADB0F9C46009B009AE5
:1005C0005B0F0B434146640DD200611A654500D1B3
:1005D000A6E0002972DD4746002F00D1DDE0CC4FB8
:1005E000BC4200D19AE10127382917DC80273F045B
:1005F0003B431F2900DDDDE12027781A1F008740DB
:10060000BA461700CF408446380057460743604635
:100610008240CB40501E8241F61A17434B46DF1BE7
:10062000B94580414042361A330200D4FFE07602D9
:10063000760A002E00D13CE1300001F0C5FF030036
:10064000083B20213800CA1AD0409E4002009F403B
:1006500032439C4200DDA6E1181B0130091A3E001E
:100660008F40C6407B1E9F4113008B4037431F4382
:10067000C2403B0016000024134300D1DFE17B079A
:1006800000D132E30F233A003B40042B04D03A1D43
:10069000BA42BF417F42F619330200D423E39C4B98
:1006A00001349C4200D1B4E09A4B64051E40640DB5
:1006B0007707D20876021743360BACE0002900D149
:1006C0007EE04146091B002C00D060E13400484622
:1006D000044300D1C9E14C1E012900D12EE28C4D0A
:1006E000A94200D124E20127382C11DC21001F2966
:1006F00000DD0BE2202437004846641AA740C840BA
:1007000007434846A040CE40441EA0419B1B0743E0
:10071000D71BBA4292415242654644469E1A83E72D
:10072000002900DC9CE04746002F67D11F001743DB
:1007300000D1E4E0481E012900D19BE1744FB94289
:1007400000D1EBE001270100382811DC1F2900DD72
:10075000C7E12027781A1F00844687401000C84050
:10076000074360468240CB40501E8241F618174333
:100770004F444F45804140423618330257D5644BB1
:1007800001349C4245D00121624B7A081E40394019
:100790000A43F7071743760871E71F00174300D194
:1007A000ADE04F1EBC46012900D182E1584FB9424D
:1007B00000D190E161460127382900DD2EE718E7D6
:1007C000554F611C394200D0D0E0310048461F002F
:1007D00001431743002C00D03DE1002900D1BCE1CA
:1007E000002F00D0BFE14B460021D8087707074310
:1007F000F00806034C05360B640D0CE0444FBC4278
:1008000000D18BE001273829B2DC80273F043B432D
:100810009CE70026002724053443ED072C433800CD
:10082000210002B0E0BCBA46B146A846F0BD7B0745
:1008300004D00F233B40042B00D028E7F808344BAA
:1008400077070743F0089C4200D04AE23B0003438D
:1008500059D080263603064336032D4C360BDAE793
:10086000002961D04146091B002C00D1B9E0284C79
:10087000A04500D1A5E10127382913DC80242404F8
:1008800026431F2900DDC8E1202437004846641AAA
:10089000A740C84007434846A040CE40441EA04160
:1008A0009B190743BF189742924152424446D618BB
:1008B00063E7380001F088FE030018331F2B00DCCB
:1008C000BFE63A00083882409C4200DD83E01B1BF3
:1008D000581C1F2800DCB4E117001F3BDF40202814
:1008E00005D040231B1A9A40531E9A4117430024F7
:1008F000002F0AD07B0700D0C4E626009EE74B46B7
:100900000C00D8089BE70027014C002683E7C0466F
:10091000FF070000FFFF7FFFFE0700004B46770741
:10092000D8080743F00891E7CD4F611C39426BD1DD
:10093000310048460143002C00D04BE11F00174313
:10094000002900D181E1002F00D14CE74A444A45FB
:100950008041F61840423618330200D5B0E1170046
:100960009146374300D03EE7002654E74946891AAE
:100970008846C145BF41F11A7F42C91B0F0261D4AD
:1009800047460F4300D1BDE00E00474651E6B54C47
:10099000A04500D100E10127382900DDB8E6802418
:1009A00024042643A3E6B04EE41A16407B0700D089
:1009B0003FE743E70F001800203FF8408446202916
:1009C00003D04027791A8B401A43531E9A4163463D
:1009D00017001F4322E6A448E11A10404707C00849
:1009E00007E734004846044300D1FAE04C1E0129D1
:1009F00000D1D7E09B4FB94200D1E2E00127382C6B
:100A000000DD4FE721003CE7964CA14200D1DDE03C
:100A10004A444A458041F31840421818C707520813
:100A200017434608520705D00F220C003A40042A0B
:100A300000D02CE67607FF0837430009D9E60027E7
:100A40000026E8E64946571ABA4292419E1B524296
:100A50006546B61AEDE5002900D0C6E0002F67D143
:100A6000802600257F4C3603D5E665460C001E0027
:100A7000D008E4E64A444A458041F3184042181839
:100A80001100030200D496E0774B49081840C307D1
:100A90000B434408490700D129E10F221A40042AD8
:100AA00000D1EAE01F1D9F42B6417642361902246A
:100AB000C4E649468F1AB9458041F61A4042361AB3
:100AC000330206D47307FF0801211F43F00890E6A4
:100AD00065460124ABE54B467707D8080743F00885
:100AE000B4E60F001800203FF8408446202903D0C8
:100AF0004027791A8B401A43531E9A4163461700C8
:100B00001F4335E600250024002684E60C0035004E
:100B1000203CE540202905D04024611A8E404946FA
:100B2000314389464846411E884107002F43EFE57F
:100B3000D2085F0765461743D80887E6171ABA42F6
:100B400092419E1B5242B61A3302C1D47307FF086A
:100B5000654601211F43F0084BE6002F7BD0654618
:100B60001E0091463FE6811A8846C145A441F11A0C
:100B70006442091B80242404214277D0101A824247
:100B8000924107009E1B5242B61A374300D0A0E0A4
:100B90006546002400263EE65F07D20865461743F7
:100BA000D80853E6811891429241F01852428018B9
:100BB000030200D568E74707C9080F43C0080121B1
:100BC00017E6D2085F071743D8083FE60C00002657
:100BD000002720E6002956D15F07D2081743D8081E
:100BE00034E60C001E00D00829E6C1087007014356
:100BF000F008002F62D080242403204207D0DE08B2
:100C0000264204D165463000D1085B0719434F0FD7
:100C1000C900C9087F070F4318E60C003000203CCC
:100C2000E0408446202905D04024611A8E40494680
:100C3000314389464846411E8841614607000F43BB
:100C400030E620210027091A0EE51E00002F00D0F3
:100C500022E5002458E7002500240026DBE5C046F5
:100C6000FE070000FF070000FFFF7FFF47460F431E
:100C700000D147E70E00C146B5E5DF086407022151
:100C800027430009B5E51900C0087707074311435A
:100C9000F008002900D1D9E580210903084207D0D6
:100CA000DC080C4204D1D2085B071A43170020006D
:100CB0007B0FFF00FF085B071F43C7E50F00C5E57B
:100CC000124BD20833405F075B02012417431E0B0F
:100CD000A1E5264212D00D4B6546020001241E40BC
:100CE000E6E4210085E51700A8E53A00D4E4DB0836
:100CF00064071C432700022100097AE5C008770732
:100D0000074365460021F00873E5C046FFFF7FFFFB
:100D1000F0B5DE46454657464E46E0B587B00092F0
:100D200001930B031B0B9B46CA0F4B00040080462C
:100D30005B0D029200D198E07C4A934237D059462D
:100D4000420FC9000A43802109041143C2009046A2
:100D5000774A894692469A44002300240393009ED2
:100D6000019F3B031B0B9B467B0030005B0DFD0F7F
:100D7000002B59D06D4A934248D05946720FC90092
:100D80000A438021090411438B466949F2008C46CD
:100D900051466344CB1A9A460021029E6E40F6B239
:100DA0000F2C00D9CEE0634BA4001B599F465A4636
:100DB0000243914600D090E09A46022390460824D0
:100DC0000393CCE7CB464246029D0399022900D10A
:100DD000DEE1032900D18DE0012900D079E12E0068
:100DE00000220023002490461B052343F6073343CB
:100DF0004046190007B0F0BCBB46B246A946A04623
:100E0000F0BD002200249046484BEDE75A46009B77
:100E10001A43494B9C46E244002A59D102231C4301
:100E2000002302219B46B8E75A46009B1A4349D04B
:100E30005B46002B00D19CE1584601F0C5FB020047
:100E400003000B3A1D27009EBA1A19005846D640D7
:100E500008398840320002439346009A8A40374955
:100E600053448A4600219A4497E75B4603439946D8
:100E700021D05B46002B00D169E1584601F0A4FB6C
:100E80000B235B429C460200844466461D239B1B49
:100E9000260011005846DE400839884033000343DD
:100EA000994623008B409846254B00249B1A9A466E
:100EB0000023039353E7002398469A460133042402
:100EC00003934CE701231C43002301219B4664E765
:100ED0000323320003211C435FE79A460323D946CC
:100EE0000C2403933BE700238024984600260F4BF5
:100EF000240379E780245B4624031C4324032E004B
:100F000090460A4B240B6FE780244B462403234270
:100F100002D05B462342F0D080244B4624031C437E
:100F20002403029E014B240B5EE7C046FF0700002E
:100F300001FCFFFFC094000801F8FFFFF30300006D
:100F40000DFCFFFFCB4500D2F8E000D1F3E0012318
:100F50005B429C46444648460025E2445B46170EE9
:100F60001B021F43190C3B04120200971F0C9146F1
:100F700002910397FFF76AF902007A430B04210CF0
:100F8000804619438A4209D9009F0123BC465B422F
:100F900061449C46E0448F4200D85CE1881A029983
:100FA000FFF754F9039A240442430904240C030074
:100FB0000C43A24206D90099013B8C466444A142ED
:100FC00000D842E1A01A424612041A4393464B4607
:100FD00059461B0C1F0004930B0449460904090CD5
:100FE0000C001B0C5C43120C7B43884651437A4334
:100FF000270CBC465B186344994203D980214902FF
:101000008C466244190C24041B04240C8A181C19F5
:10101000904202D316D1A54214D25B46009F013BF9
:101020004D4405934D459B41BC465B426344C0180B
:10103000874200D302E1824200D929E100D124E1B4
:10104000059B9B462C1BA542AD41009B801A6D421F
:10105000401B834200D10FE10299FFF7F7F8039A92
:101060000B044243210C050019438A4200D9CBE00E
:10107000881A0299FFF7EAF8039A24044243090404
:10108000240C03000C43A24200D9CAE04146A41A32
:101090002A041A43049F13041B0C594340467B4304
:1010A0009C46150C68430B0C844463447D43984272
:1010B00003D98020400284466544180C09041B04AF
:1010C000090C40195B18844227D323D00123350033
:1010D0001A43944B5344002B60DD510700D086E047
:1010E0002E00D1085A46D20106D55A468E4B1A40D8
:1010F00080239346DB0053448C4A934200DD80E614
:101100005A4652070A4390465A465B055402240B3E
:101110005B0D69E63500002BDBD0009D511EAC460F
:101120006444AC4200D29EE0844200D2E1E000D1AF
:10113000EEE00A00CAE7424500D908E74B46DC0763
:10114000580843465B081C434346DD0706E701F0A9
:101150003BFA15239C4684440200634620321C2B34
:1011600000DC92E623000838834099460023984625
:101170009AE601F029FA02000300153220331C2AF6
:1011800000DC5FE600990838814000228B4666E665
:1011900000222E0000249046654B25E62E000121FA
:1011A000C91A382900DD1BE61F297EDC61481400BE
:1011B00050445B4682408340CC40501E82412343D2
:1011C0001A435B46CB40510709D00F211140042937
:1011D00005D0111D9142924152429B180A001902FA
:1011E00000D49BE00022012300249046FCE50F215F
:1011F0001140042900D173E7111D914292415242DE
:101200002E00C90893446DE7009B013D9C46614454
:101210008B4200D92CE78A4200D829E7851E614419
:1012200026E70099013B8C466444A14200D92DE792
:10123000A24200D82AE7831E644427E7874200D0F1
:10124000FEE6A94500D9FBE6F5E6A24200D8B9E6DC
:10125000831E6444B6E68A4200D89FE6BC46831EDD
:10126000984661449AE60A00844200D02EE74B4536
:1012700000D02BE735002CE72A4B2F4A53449245E8
:1012800043DB0122002193442CE7AC4200D8D7E68F
:1012900002235B429C4600994D444D459B41E344EB
:1012A0008C465B426344C018CCE61F204042C31A00
:1012B0005846D840202904D05946204B53449940E1
:1012C0000A43531E9A410723190002430024114088
:1012D000134209D008331340042B1DD0131D934231
:1012E00089411A0049424907D2080A43904600231F
:1012F0007AE54946009F4D004D458941BC4649422B
:101300006144A946023A6418AEE70122524246E718
:101310009945EED30A00AAE70021E5E759075B02E9
:101320001C0BE1E7FF030000FFFFFFFEFE070000CC
:10133000FF0700001E04000002FCFFFF3E04000047
:10134000F0B55746DE464E464546E0B50D00040072
:10135000E80F83460903D80F090B824619488C46CB
:101360001F0369005E00490D3F0B760D814218D0C6
:1013700086420FD00120B1420DD1BC450BD1944221
:1013800009D1D3451CD0002905D160462043431E16
:10139000984100E00120F0BCBB46B246A946A046F9
:1013A000F0BD01208E42F6D1614639430F0017434C
:1013B0002743F0D15B465246981A431E9841EAE70C
:1013C0000020E8E7FF070000F0B557464E464546C7
:1013D000DE46E0B50D000E034900490D8A46DF0FD9
:1013E000E90FBC4683B02F4F04008046019158009E
:1013F00019039146360B090B400DBA451DD0B84272
:101400000DD05746002F2AD13443002824D10A4357
:1014100036D0002C41D163465800013815E0114305
:1014200038D15346002B01D12643F4D0019B6345AC
:1014300007D1019B5800013807E026432AD15045C7
:1014400021D00120019B5F42384303B0F0BCBB4672
:10145000B246A946A046F0BD002CDCD0E6E7002845
:10146000EFD0019B6345ECD18245EADCE1DB8E42A3
:10147000E7D8DED1C845E4D80020C845E5D2D8E792
:10148000002CE2D0DDE7114304D1019B6345D8D1A4
:101490000020DAE702204042D7E7019B6345E6D00F
:1014A000CFE7C046FF070000F0B557464E46454619
:1014B000DE46E0B50D000E034900490D8A46DF0FF8
:1014C000E90FBC4683B02E4F0400804601915800BE
:1014D00019039146360B090B400DBA451ED0B84290
:1014E0000DD05746002F27D13443002833D10A436B
:1014F00034D0002C40D163465800013815E0114328
:1015000012D15346002B01D12643F4D0019B6345F1
:101510001DD00120019B5F42384306E0264303D1E2
:101520005045F6D111431CD0022003B0F0BCBB469D
:10153000B246A946A046F0BD0028EAD0019B63450B
:10154000E7D18245E5DC02DB8E42E2D80ED0019B7A
:1015500058000138E9E7002CCDD0D7E7002CE4D0C3
:10156000D7E7019B00206345DFD0D2E7C845D0D83C
:101570000020C845D9D2EAE7019B6345E4D0C8E71B
:10158000FF070000F0B557464E46DE464546E0B53B
:101590001F000B031B0B16009A46CA0F4B000400DA
:1015A000914685B05B0D00D1CFE1CD4A934255D035
:1015B0005146420FC9000A43802109041143C20069
:1015C0009046C84A8A4693469B44002300250293CE
:1015D0003C037B00FA0F0196240B5B0D009200D1B7
:1015E00088E1BF4A934200D192E0BE4A94466344E8
:1015F0009B440A2D42DCE400730F234380244946B8
:1016000024041C43F3000193009B00205940CBB2FB
:101610000393022D00DC94E00123AB401D00A623C0
:101620002A00DB001A401D4200D029E290239B00D3
:101630001D4200D14DE20023802499462403A84B8B
:1016400010004A461B052343D2071343190005B077
:10165000F0BCBB46B246A946A046F0BD5246024386
:10166000904600D0ACE19B460223924608250293A7
:10167000AEE7009BA2469946019B9846029B022B2F
:1016800000D1CAE1032B00D192E1012B10D100233C
:1016900000240022D4E701227B083A40134352463B
:1016A000D2071343984653465B089A46039B9946D4
:1016B0005B46581C8023DB005B44002B00DCB1E15F
:1016C000424652070BD00F2241460A40042A06D058
:1016D0004246111D4145924188465242924452462B
:1016E000D20106D55246804B1A4080239246DB0039
:1016F000C3187E4A934200DD8FE14246D10852462C
:1017000052070A4351465B054C02240B5B0D97E7D9
:10171000734B26439C46E344002E00D16FE1032324
:1017200049461D43009B5940CBB203930A2D00DD6F
:1017300033E10123AB401D000323029388222A4298
:1017400097D1424643461204120C160001981D0C14
:10175000030C0004000C4643B4461E006E43009682
:10176000160007005E436146B0466F430E0CB84456
:101770004644B74205D9802149028846009F474424
:10178000009761460904090C370C36048C46310079
:10179000614401911100260C2404240C61438C4601
:1017A0002100694389466146090C884672434A44D0
:1017B00042447543914503D98021490288464544F6
:1017C000110C884661460904090C8C4612046244D7
:1017D000B91802915146090C8C4651460F043F0C32
:1017E0003900414345448846614641438A46414663
:1017F0006046090C894658437B4353444B449A4501
:1018000003D98021490289464844190C894641463A
:101810000904090C8846390061431B044344884687
:1018200061464C4371438C46414677430E0C3F1949
:10183000F6194844B44203D9802149028946CC4470
:101840000299009F894631044F4489464146974298
:1018500092410C04240C4C44FF1852426419A11804
:101860009F429B41884682465B4299469045924101
:10187000AC42A441C244D14452426442144399450B
:101880009B41824592415B42524213434A46360C89
:10189000A419E31863445B02D20D1A4301999246DE
:1018A0007A020A43501E8241FF0D17434A465202F4
:1018B0001743B846DB0100D5EDE60D4B039A5B44B8
:1018C0009146002B00DCACE03A00520700D110E753
:1018D0000F2258463A40042A00D0F9E609E7C046EC
:1018E000FF07000001FCFFFFFFFFFFFEFE070000F7
:1018F000FF030000220032436FD0002C00D1C2E071
:10190000200000F061FE020003000B3A1D20821A45
:1019100030001900D04008398C40020022433400C6
:101920008C405946CB1A86498B469B440A2D00DDD4
:10193000A4E64946009B01945940CBB21400002014
:101940000393022D00DD67E6FBE65346034398460A
:101950003CD05346002B00D1A3E0504600F034FEAB
:101960000B235B429C460200844411005046083918
:1019700088401D23804660461B1A2000D840030083
:10198000404603439A4623008B4098466C4B002503
:101990009B1A9B46002302931AE60F2D00D0C9E044
:1019A000802352461B031A4202D01C4200D192E00F
:1019B0008024534624031C4324034246240B3EE662
:1019C0009B46032380460C25029301E600239A469A
:1019D0009B46013304250293FAE501210D430A2DAC
:1019E00000DD4BE6494600984140C9B20391022D03
:1019F00000DC96E000230024012001930CE6494618
:101A00000223009A2B435140CAB203920A2B00DDF5
:101A100034E6002D57D1039B994600240022494B00
:101A20000EE658460121C91A382900DD2FE61F2984
:101A300056DD1F2254465242D31ADC40202907D0DB
:101A4000414B42469C465346604483401A4390466D
:101A500042460721531E9A410B00224313400024A3
:101A6000114209D00F231340042B5DD0111D914268
:101A70009B410A005B425B07D2081A430023DFE563
:101A8000039B9946FAE5019800F09EFD02000300D1
:101A9000153220331C2A00DC38E7019A08388240CE
:101AA0003FE700F091FD15239C4684440200634605
:101AB00020321C2B00DC58E700239846230008380E
:101AC00083409A4662E71D00002300240220019310
:101AD000A2E5029032E61C43009B019A9946AEE5CE
:101AE0001A4B5246C31840469A40C84002434046EB
:101AF00098400300581E834154461A43CC40530774
:101B000009D00F231340042B05D0131D934292419B
:101B10005242A4181A00230208D5012300240022EF
:101B20008EE5894600248BE50023A5E76307640260
:101B3000240BA1E7009BA2469946019B984637E7F4
:101B40000DFCFFFFFF0700003E0400001E04000024
:101B5000F0B557464E464546DE46E0B583B00090A8
:101B600001910C034D00CE0F610A009C5F00640FD1
:101B70000C43009900920193C80019037B0D99460C
:101B8000019BCC4FDB0F9C464B0A00998046490FC6
:101B90001943009B8B46DA0092466D0DB94500D182
:101BA000BFE00123614659404B468C46EB1A8E42FA
:101BB00075D0002B00DCA3E24946002900D1CEE01D
:101BC000BD4200D100E20127382B19DC802759469D
:101BD0003F0439438B461F2B00DDFAE12027F91A19
:101BE0008C4659466746B9400F001100D9400F4353
:101BF00061468A40511E8A415946D9401743641AAA
:101C0000C71BB84280414042241A230200D440E15D
:101C10006402640A002C00D154E1200000F0D4FCDE
:101C20000300083B20213800CA1AD0409C40020023
:101C30009F4022439D4200DDA6E1581B0130091A56
:101C40003C008F40C4407B1E9F4113008B402743C4
:101C50001F43C2403B0014000025134300D1F7E1AD
:101C60007B0700D177E30F2338003B40042B04D0DF
:101C7000381DB842BF417F42E419230200D468E313
:101C80008C4B01359D4200D1F4E08B4B6D051C401F
:101C90006D0D6707C00864020743240BECE0002BBE
:101CA00000DC29E34946002900D0D6E0594611431B
:101CB00000D12EE1591E012B00D1E6E1BB4200D13B
:101CC00082E101270B00382914DC1F2B00DD3CE2E8
:101CD0002027F91A8C4659466746B9400F00110073
:101CE000D9400F4361468A40511E8A415946D94026
:101CF000174364183F18874280414042241823024A
:101D000000D4C6E06B4B01359D4200D1B2E0012109
:101D1000694B7A081C4039400A43E70717436408B7
:101D20009EE7664B11438A46EB18002928D066458A
:101D30002CD0002B5BD0002D00D12CE15B466646F9
:101D40005F07D2081743DD083B002B4300D1E2E0D8
:101D5000802424032C432403564D240B8CE0594645
:101D6000114300D1D5E0591E012B00D1B9E1BB428E
:101D700000D1B1E101270B00382900DD40E72AE757
:101D80006146012779408C466645D2D1002B00D1AF
:101D9000C5E0002D00D055E14B462500054300D19C
:101DA00012E2591E8C46012B00D149E2414DAB4253
:101DB00000D18FE20127382911DC63461F2B00DD9B
:101DC0005BE26146202327005B1A050098409F4094
:101DD000CD40431E9841CC402F430743A344BF1836
:101DE0009742924152425A4414004D4687E7344F7D
:101DF0006B1C3B4200D0B6E05946230011430F0054
:101E00000343002D00D026E1002B00D1C0E10029C2
:101E100000D1A1E0831A98465B464045AD41E31AE4
:101E20006D425B1B80252D042B4200D14BE15B46AC
:101E3000101A824292411C1B07000126634652423F
:101E4000A41A27431E40002F00D142E12C4200D1AA
:101E50006DE2194B01251C401BE7BD4200D13BE15F
:101E60000127382B00DD45E7802759463F043943D9
:101E70008B462AE7002400272D052543F607354326
:101E80003800290003B0F0BCBB46B246A946A046C4
:101E9000F0BD7B0704D00F233B40042B00D0E7E6C6
:101EA0002B00F808034A67070743E508934200D16F
:101EB0004AE7A5E0FF070000FFFF7FFF01F8FFFFF3
:101EC000FE070000380000F07FFB030018331F2BD3
:101ED00000DCA7E63A00083882409D4200DD8AE037
:101EE0005B1B581C1F2800DCD8E117001F3BDF409C
:101EF000202805D040231B1A9A40531E9A411743AD
:101F00000025002F00D1E5E07B0700D0ABE62C00D8
:101F1000C6E7C008C6E700270024D14DACE7D14F83
:101F20006B1C3B4271D123000343002D00D04EE1D6
:101F30005746002B00D1B5E1002F0DD08318834206
:101F400080415C4440422418220200D5C8E11F00B1
:101F50009846274300D1BCE043466707DB081F4390
:101F6000E50800234CE0831A98465B464045BF4194
:101F7000E31A7F42DB1B1F027CD447461F4300D17C
:101F8000A6E01C00474645E6B74CED1A14407B0717
:101F900000D080E784E74B462500054366D05F1EEE
:101FA000012B00D1FCE0AE4DAB4200D15EE16646B4
:101FB000382F00DCB4E00120171ABA4292415B4688
:101FC00052424D469C1A20E66707C0080743E508C1
:101FD000BAE61F005946203FF9400F00202B05D0DC
:101FE0004021CB1A594699400A43924653465A1EFD
:101FF00093411F4304E6EB1A9B4D15406F07ED0814
:102000002C035D05240B6D0D36E7954DAB4200D1D9
:10201000D6E082182100824280415944404208188B
:10202000C707520817434408520700D485E10F221E
:102030001D003A40042A00D01AE6FF08640727432F
:102040000509DDE75B46D2085F071743DD087BE63D
:102050000027002410E7002B00D0D6E0002900D094
:102060002FE1802400267E4D240305E766465C466A
:10207000D00817E75B46171ABA4292411C1B01268B
:1020800063465242A41A1E40C4E58318834280412D
:102090005C44404225182A0200D4DAE0724A5B0808
:1020A0001540EA071A4369085B0700D44AE10F2389
:1020B0001340042B00D1FCE0171D9742A441644259
:1020C00002256418ECE647461C001F4300D043E796
:1020D000002600250024CFE6C00867070743E5086F
:1020E00032E6871A5B46B8428041E41A4042241A1D
:1020F000230228D46307FF081F43E50801237FE775
:10210000002B00D173E64B465F1B3B00002D00D136
:1021100042E7382F00DDECE080230E001B041C4357
:102120001F2F25DC20252300ED1B0100A840AB401C
:10213000F940451EA8410B43FC4018435B461B1B5E
:102140009B4639E76646012562E51F005946203F58
:10215000F9408C46202B05D040275946FB1A994060
:102160000A43924657467B1E9F4163461F43C1E583
:102170003B002500203BDD40202F04D04023DB1B0B
:102180009C40204380464046431E9841284313E725
:1021900000299DD0012663465C4690461E40DBE642
:1021A000171A5B46BA4292411C1B5242A41A2302E0
:1021B000C8D46307FF081F4366460123E5081FE7ED
:1021C0001D000024002757E65C46D0086AE6002B75
:1021D00000D137E75346C00867070743E508002BDF
:1021E00000D1B1E580231B031D4208D05946C80821
:1021F000184204D1D20849070A43170005007B0F93
:10220000FF00FF085B071F439EE5C00863071843F4
:10221000E508002953D080231B031D420AD05946EC
:10222000CC081C4206D1012663462500D008490788
:1022300008431E40470FC000C0087F07074383E5DF
:102240008318934292415C445242A5182A0200D559
:1022500024E76F07DB081F43ED080123D0E6C046E3
:10226000FF070000FE070000FFFF7FFF5B46D2086C
:102270005F0766461743DD0866E52500203BDD4025
:102280006346202B05D0402361465B1A9C402043C7
:10229000804647467B1E9F412F43A0E52021002713
:1022A000091AD2E4002F00D113E75C46170000257D
:1022B000F6E5D708490702230F432D09A0E60700DA
:1022C00042E55B4601265F07DD086346D2081743F7
:1022D0001E4039E55B46D2085F071743DD0833E54A
:1022E0001E4ADB0822405707520201251F43140BE8
:1022F000C2E50E0001205FE6002B0DD04B465B1BB4
:102300009C46002D00D148E50127382B00DD66E50D
:1023100080231B041C4350E56B1C114D2B4200D045
:1023200073E65946230011438A46034300E66707D4
:10233000C00800230743E50862E66407FF08274357
:1023400005095DE6D208490711430F0002232D0954
:1023500056E60700A4E538008FE4C046FFFF7FFF84
:10236000FE070000F0B5C6461E03360BB0460D4E04
:102370000C034D005F0000B5240B6D0D7F0DB542C1
:102380000BD0084900208F4204D146461643300046
:10239000431E984180BCB846F0BD04430120002C88
:1023A000F8D1EEE7FF0700000B00020070B5164DF4
:1023B0000C0382B04900002000920193240B490DC8
:1023C000DE0FA94204DD1148814203DD104BF018F5
:1023D00002B070BD8020400320430E4C641A1F2CB5
:1023E00008DD0D4B5B1AD84003005842002EEFD198
:1023F0001800EDE7094B009A9C46030061448B40AE
:10240000E2401343F1E7C046FE0300001D04000054
:10241000FFFFFF7F3304000013040000EDFBFFFF0C
:1024200070B5002816D0C317C5185D40C40F28002A
:1024300000F0CAF8104B1B1A5B055B0D0A2814DC70
:1024400002002E00153296400B22121AD5402D03A1
:102450002D0B03E000240023002500261B052B4341
:10246000E40723433000190070BD0B3885402D036D
:1024700000262D0BF2E7C0461E04000010B5041E16
:1024800010D000F0A1F80E4B1B1A5B055B0D0A285B
:102490000FDC0B222100121AD14015300A038440B0
:1024A000120B01E0002300221B051343200019003A
:1024B00010BD22000B38824012030024120BF3E7F8
:1024C0001E040000F0B54B000F035B0D3A4C450FA6
:1024D00083B07F0A5E1C2F4300900191CA0FC50094
:1024E00026420BD035495C18FE2C13DDFF2000235B
:1024F000C0051843D207104303B0F0BD3D43002B85
:1025000001D10020F4E7002DF0D08023DB03FF2071
:102510003B43EDE7002C0CDD009BFF009B01581EA8
:102520008341690F3B430B43590727D1DB08E0B2D6
:10253000DEE72100173131DB80211E2009043943F9
:10254000001B1F282DDD02267642341B0E00E640BC
:102550003400202804D01A488446634499400D432F
:102560002B00591E8B412343590703D00F211940DB
:1025700004290BD19B0100205B0AB9E70F21194008
:10258000042904D19B015B0AE0B2B1E700240433C3
:102590005901F7D501340023E0B2A9E70020002358
:1025A000A6E7084C1C192B00A540C340A140681E9B
:1025B000854129430B43D7E7FE07000080FCFFFF5E
:1025C000A2FCFFFF82FCFFFF1C2101231B04984299
:1025D00001D3000C10391B0A984201D3000A0839B4
:1025E0001B09984201D30009043902A2105C40186B
:1025F0007047C0460403020201010101000000000F
:102600000000000080B582B000AF00F061FB00F078
:1026100035F800F031F900F0F3F800F07FF8154BD1
:10262000180000F039FD00237B601BE0114B642192
:10263000180000F0C5FD7B68002B08D10D4B180079
:1026400000F05AFE03009AB20B4B1A8007E0094BC8
:10265000180000F051FE03009AB2074B5A807B68C5
:1026600001337B607B68012BE0DD024B180000F03A
:1026700067FDD4E7F00100208C02002090B595B0F2
:1026800000AF18243B19180038231A00002103F06A
:1026900065FA3B1D180014231A00002103F05EFAAE
:1026A0001C4B1B681C4A1A401A4B802109010A4323
:1026B0001A6021007B1802221A607B180122DA605E
:1026C0007B1810221A617B1800229A627B1818006E
:1026D00001F02EFB031E01D000F05CF93B1D0F2220
:1026E0001A603B1D01225A603B1D80229A603B1DEF
:1026F0000022DA603B1D00221A613B1D00211800F8
:1027000001F0DAFE031E01D000F044F9C046BD46D8
:1027100015B090BD00700040FFE7FFFF80B582B0AC
:1027200000AF3B00180008231A00002103F016FA3E
:10273000304B314A1A602F4B0022DA632D4B802236
:10274000D2055A602B4B00229A602A4B07229A63CB
:10275000284B01221A61274B0022DA60254B2022E8
:1027600001219954234B212200219954214B00220D
:102770009A62204BC222FF325A621E4B2C22002149
:1027800099541C4B04225A611A4B00221A63194BAC
:1027900000229A61174B00225A63164B0022DA611D
:1027A000144B180000F004FB031E01D000F0F2F8F7
:1027B0003B0001221A603B00802252015A603A001D
:1027C0000C4B1100180000F065FE031E01D000F054
:1027D000E1F83B00094A1A603A00064B1100180064
:1027E00000F058FE031E01D000F0D4F8C046BD46EC
:1027F00002B080BDF001002000240140020000046E
:1028000080B582B000AF3B00180008231A000021F9
:1028100003F0A4F9154B164A1A60144B07225A60AC
:10282000124B00229A60114B124ADA600F4B0022C1
:102830005A610E4B180002F00DF8031E01D000F093
:10284000A9F83B0000221A603B0000225A603A00BF
:10285000064B1100180002F08BF9031E01D000F0A6
:1028600099F8C046BD4602B080BDC0464C0200206B
:1028700000100040FFFF000090B589B000AF0C24AD
:102880003B19180014231A00002103F067F93E4B8E
:10289000DA6A3D4B04210A43DA623B4BDB6A0422CD
:1028A0001340BB60BB68384BDA6A374B01210A43DF
:1028B000DA62354BDB6A012213407B607B68324B66
:1028C000DA6A314B02210A43DA622F4BDB6A0222B9
:1028D00013403B603B68A023DB0500226021180009
:1028E00001F008FAC0239B0028480022190001F0DB
:1028F00001FA3B19802292011A603B1900225A60AA
:102900003B1901229A603B19214A1900100001F07D
:102910007BF83B1960221A603B1901225A603B196F
:1029200000229A603B190022DA603A19A023DB05E5
:102930001100180001F068F83B1980221A603B1959
:1029400000225A603B1901229A603A19A023DB0544
:102950001100180001F058F821007B18C0229200E5
:102960001A607B1801225A607B1800229A607B183B
:102970000022DA607B18054A1900100001F044F8C3
:10298000C046BD4609B090BD001002400004005092
:102990000008005080B500AF72B6C046C046FDE7E3
:1029A00080B500AF074B5A6B064B01210A435A63AF
:1029B000044B9A6B034B802149050A439A63C04636
:1029C000BD4680BD0010024090B589B000AF786070
:1029D0000C243B19180014231A00002103F0BEF840
:1029E0007B681B68184A93422AD1184B5A6B174BC5
:1029F000802189000A435A63144BDA6A134B012180
:102A00000A43DA62114BDB6A01221340BB60BB68E8
:102A10003B1903221A603B1903225A603B1900221A
:102A20009A603A19A023DB051100180000F0ECFFB2
:102A3000002200210C2000F0B5FF0C2000F0C7FFA1
:102A4000C046BD4609B090BD0024014000100240C0
:102A500080B582B000AF78607B681B680A4A9342F9
:102A60000DD10A4B9A6B094B10210A439A6300223D
:102A70000021112000F096FF112000F0A8FFC046B1
:102A8000BD4602B080BDC0460010004000100240AC
:102A900080B500AFC046FDE780B500AFC046FDE79A
:102AA00080B500AFC046BD4680BD80B500AFC04612
:102AB000BD4680BD80B500AF00F05EF9C046BD46A2
:102AC00080BD000080B500AF034B180000F020FC73
:102AD000C046BD4680BDC046F001002080B500AFB5
:102AE000034B180001F0F6FEC046BD4680BDC0464F
:102AF0004C02002080B500AF01231800BD4680BD08
:102B000080B582B000AF7860396003F081F80300CF
:102B100016221A6001235B421800BD4602B080BD38
:102B200080B582B000AF786001235A427B68110003
:102B30001800FFF7E5FFC046FDE780B586B000AF9F
:102B4000F860B9607A6000237B610AE000E000BFB2
:102B50000100BB685A1CBA60CAB21A707B690133A3
:102B60007B617A697B689A42F0DB7B681800BD461E
:102B700006B080BD80B586B000AFF860B9607A60FD
:102B800000237B6109E0BB685A1CBA601B781800FF
:102B900000E000BF7B6901337B617A697B689A4200
:102BA000F1DB7B681800BD4606B080BD80B582B001
:102BB00000AF786001235B421800BD4602B080BDC3
:102BC00080B582B000AF786039603B6880229201A6
:102BD0005A6000231800BD4602B080BD80B582B0A7
:102BE00000AF786001231800BD4602B080BD80B5FB
:102BF00084B000AFF860B9607A6000231800BD4669
:102C000004B080BD80B586B000AF7860144A154B23
:102C1000D31A7B617B693B61134B1B68002B02D18C
:102C2000114B124A1A60104B1A687B68D3183A6924
:102C30009A4207D202F0ECFF03000C221A60012333
:102C40005B4209E0084B1B68FB60074B1A687B6816
:102C5000D218054B1A60FB681800BD4606B080BD4F
:102C6000002000200004000090020020E803002063
:102C700080B500AFC046BD4680BD00000D4885460A
:102C8000FFF7F6FF0C480D490D4A002302E0D45827
:102C9000C4500433C4188C42F9D30A4A0A4C0023A6
:102CA00001E013600432A242FBD302F0B7FFFFF74A
:102CB000A9FCFEE70020002000000020D401002035
:102CC0004C990008D4010020E4030020FEE7000036
:102CD00080B582B000AFFB1D00221A700B4B1A6842
:102CE0000A4B40210A431A60002000F011F8031E2D
:102CF00003D0FB1D01221A7001E0FFF751FEFB1DFE
:102D00001B781800BD4602B080BDC04600200240BE
:102D100090B583B000AF7860144B1C68144B1B78DF
:102D20001900FA239800FDF70BFA030019002000A0
:102D3000FDF706FA0300180000F059FE031E01D04B
:102D400001230FE07B68032B0BD8796801235B42DA
:102D50000022180000F026FE064B7A681A60002355
:102D600000E001231800BD4603B090BD0000002024
:102D7000080000200400002080B500AF054B1B7840
:102D80001A00054B1B68D218034B1A60C046BD469B
:102D900080BDC046080000209402002080B500AF2E
:102DA000024B1B681800BD4680BDC046940200203F
:102DB00080B582B000AF78607B68002B01D1012321
:102DC00059E17B685B6D002B0AD17B6800229A6514
:102DD0007B685022002199547B681800FFF7F4FDAE
:102DE0007B685B6D10221340102B05D07B681B683D
:102DF0009B68042213400BD07B685B6D10221A4342
:102E00007B685A657B68502200219954012332E186
:102E10007B685B6D9A4A134002221A437B685A65AD
:102E20007B681B689B6803221340012B08D17B68D9
:102E30001B681B6801221340012B01D1012300E014
:102E40000023002B49D17B685A68C0231B069A4295
:102E50000BD07B685A688023DB059A4205D07B68DB
:102E60005A6880231B069A4211D17B681B681A6935
:102E70007B681B68920092081A617B681B6819695D
:102E80007B685A687B681B680A431A6114E07B6898
:102E90001B681A697B681B68920092081A61794B5B
:102EA0001A68784B78490A401A60764B19687B6833
:102EB0005A68744B0A431A607B681B68DA687B683F
:102EC0001B6818218A43DA607B681B68D9687B68B5
:102ED0009A687B681B680A43DA606A4B1A68694B18
:102EE0006A490A401A60674B19687B685B6B5A062F
:102EF000644B0A431A607B681B689A6880235B05F1
:102F0000134008D17B681B689A687B681B68802126
:102F100049050A439A607B681B68DA687B681B680E
:102F20005B490A40DA607B681B68D9687B68DA68AD
:102F30007B681B69022B01D1042300E000231A43A4
:102F40007B6820201B5C5B031A437B682C201B5C86
:102F50005B001A437B681B6B1A437B689B699B036E
:102F60001A437B68DB69DB031A437B681B680A43EF
:102F7000DA607B685A6AC223FF339A420BD07B68BF
:102F80001B68D9687B685A6A7B689B6A1A437B68AE
:102F90001B680A43DA607B6821229B5C012B1AD1F3
:102FA0007B6820229B5C002B09D17B681B68DA6858
:102FB0007B681B68802149020A43DA600BE07B686A
:102FC0005B6D20221A437B685A657B689B6D0122EA
:102FD0001A437B689A657B68DB6B012B1FD17B688A
:102FE0001B681A697B681B682A490A401A617B685A
:102FF0001B6819697B681A6C7B685B6C1A437B6879
:103000009B6C1A437B681B680A431A617B681B68C8
:103010001A697B681B6801210A431A610EE07B680C
:103020001B681B6901221340012B07D17B681B68B9
:103030001A697B681B6801218A431A617B681B68D7
:103040005A697B681B6807218A435A617B681B6841
:1030500059697B689A6B7B681B680A435A617B6875
:1030600000229A657B685B6D0322934301221A4319
:103070007B685A6500231800BD4602B080BDC0467B
:10308000FDFEFFFF08270140FFFFC3FFFFFFFFFD1D
:103090001902FEFF03FCFFFF90B585B000AF78601A
:1030A0000F23FB1800221A707B681B689B680422A0
:1030B000134038D17B6850229B5C012B01D1022345
:1030C00038E07B685022012199547B68DB69012B31
:1030D00007D00F23FC187B68180000F07BFA030070
:1030E00023700F23FB181B78002B20D17B685B6DAE
:1030F000124A1340802252001A437B685A657B684B
:1031000000229A657B685022002199547B681B68D5
:103110001C221A607B681B689A687B681B68042104
:103120000A439A6003E00F23FB1802221A700F2350
:10313000FB181B781800BD4605B090BDFEF0FFFFE0
:10314000B0B584B000AF78600F23FB1800221A706E
:103150007B6850229B5C012B01D1022329E07B6814
:103160005022012199540F257C197B68180000F02A
:1031700000FB030023707B191B78002B12D17C19F4
:103180007B68180000F08EFA030023707B191B780F
:10319000002B07D17B685B6D084A134001221A435C
:1031A0007B685A657B685022002199540F23FB18D5
:1031B0001B781800BD4604B0B0BDC046FEFEFFFF40
:1031C00080B584B000AF786039600023BB60002315
:1031D000FB607B685B69082B02D10823FB6014E06D
:1031E0007B681B68DB6801221340012B0BD17B68D5
:1031F0005B6D20221A437B685A657B685022002150
:103200009954012372E00C23FB60FFF7C7FD030014
:10321000BB601FE03B6801331CD03B68002B07D02C
:10322000FFF7BCFD0200BB68D31A3A689A4211D27C
:103230007B681B681B68FA6813400BD17B685B6D69
:1032400004221A437B685A657B68502200219954F6
:1032500003234BE07B681B681B68FA681340D9D0D6
:103260007B685B6D802292001A437B685A657B689D
:103270001B68DA68C0231B0113402ED17B68202213
:103280009B5C002B29D17B681B681B6808221340BC
:10329000082B22D17B681B689B680422134010D145
:1032A0007B681B685A687B681B680C218A435A60DC
:1032B0007B685B6D0F4A134001221A437B685A6595
:1032C0000BE07B685B6D20221A437B685A657B6844
:1032D0009B6D01221A437B689A657B689B69002B72
:1032E00003D17B681B680C221A6000231800BD46BE
:1032F00004B080BDFEFEFFFF80B582B000AF7860F5
:103300007B681B681B6C1800BD4602B080BD0000C6
:1033100080B584B000AF78607B681B681B68FB6079
:103320007B681B685B68BB60FB680422134003D0AA
:10333000BB680422134007D1FB68082213404ED01B
:10334000BB68082213404AD07B685B6D1022134093
:1033500006D17B685B6D802292001A437B685A65B8
:103360007B681B68DA68C0231B0113402BD17B6884
:1033700020229B5C002B26D1FB680822134022D020
:103380007B681B689B680422134010D17B681B6814
:103390005A687B681B680C218A435A607B685B6DA6
:1033A0002F4A134001221A437B685A650BE07B6861
:1033B0005B6D20221A437B685A657B689B6D0122F6
:1033C0001A437B689A657B68180000F04BF87B68AD
:1033D0009B69012B03D07B681B680C221A60FB6879
:1033E0008022134012D0BB68802213400ED07B682D
:1033F0005B6D802252021A437B685A657B68180015
:1034000000F038F87B681B6880221A60FB68102285
:10341000134020D0BB68102213401CD07B681B6B6C
:10342000002B06D07B681B68DB6801221340012B50
:103430000DD17B689B6D02221A437B689A657B687D
:103440001B6810221A607B68180000F01BF87B686C
:103450001B6810221A60C046BD4604B080BDC0463D
:10346000FEFEFFFF80B582B000AF7860C046BD466B
:1034700002B080BD80B582B000AF7860C046BD4666
:1034800002B080BD80B582B000AF7860C046BD4656
:1034900002B080BD80B582B000AF786039607B68D3
:1034A00050229B5C012B01D1022385E07B685022D6
:1034B000012199547B681B689B68042213400BD040
:1034C0007B685B6D20221A437B685A657B685022BB
:1034D0000021995401236FE03B685B68384A9342AE
:1034E00035D07B681B68996A3B681B685B035A0B85
:1034F0007B681B680A439A623B681A688023DB0278
:10350000134009D02F4B1A682E4B802109040A431F
:103510001A600A2000F07AF93B681A6880239B023F
:10352000134006D0274B1A68264B8021C9030A4353
:103530001A603B681A6880235B02134037D0214B26
:103540001A68204B802149040A431A602FE07B68E7
:103550001B689A6A3B681B685B035B0BD9437B68FB
:103560001B680A409A623B681A688023DB0213409A
:1035700005D0144B1A68134B13490A401A603B6874
:103580001A6880239B02134005D00E4B1A680D4B1E
:103590000E490A401A603B681A6880235B02134098
:1035A00005D0084B1A68074B09490A401A607B6826
:1035B00050220021995400231800BD4602B080BD5E
:1035C0000110000008270140FFFF7FFFFFFFBFFF42
:1035D000FFFFFFFE80B584B000AF78600023FB6082
:1035E0007B681B689B6803221340012B08D17B6812
:1035F0001B681B6801221340012B01D1012300E04D
:103600000023002B46D17B681B689B68244A13402B
:103610000DD07B685B6D10221A437B685A657B680E
:103620009B6D01221A437B689A65012333E07B6816
:103630001B689A687B681B6801210A439A60012015
:1036400000F0E4F8FFF7AAFB0300FB601BE0FFF7C4
:10365000A5FB0200FB68D31A0A2B14D97B681B68F0
:103660001B6801221340012B0DD07B685B6D10227B
:103670001A437B685A657B689B6D01221A437B68FD
:103680009A65012307E07B681B681B6801221340D1
:10369000012BDCD100231800BD4604B080BDC0461C
:1036A0001700008080B584B000AF78600023FB6015
:1036B0007B681B689B6803221340012B08D17B6841
:1036C0001B681B6801221340012B01D1012300E07C
:1036D0000023002B48D07B681B689B6805221340A1
:1036E000012B10D17B681B689A687B681B680221DC
:1036F0000A439A607B681B6803221A60FFF74EFB3F
:103700000300FB6029E07B685B6D10221A437B6835
:103710005A657B689B6D01221A437B689A65012379
:1037200023E0FFF73BFB0200FB68D31A0A2B14D9F6
:103730007B681B689B6801221340012B0DD17B68BD
:103740005B6D10221A437B685A657B689B6D012272
:103750001A437B689A65012307E07B681B689B68B6
:1037600001221340012BDCD000231800BD4604B019
:1037700080BD80B584B000AF78600023FB607B68BB
:103780001B689B68042213403AD07B681B689B68C7
:1037900004221340042B0DD17B681B689B68022216
:1037A000134007D17B681B689A687B681B681021EF
:1037B0000A439A60FFF7F2FA0300FB601AE0FFF792
:1037C000EDFA0200FB68D31A0A2B13D97B681B6839
:1037D0009B68042213400DD07B685B6D10221A4356
:1037E0007B685A657B689B6D01221A437B689A65EA
:1037F000012306E07B681B689B6804221340DED12E
:1038000000231800BD4604B080BD000080B584B020
:1038100000AF78600B4B1B680B491800FCF790FC5D
:1038200003001A007B685343FB6002E0FB68013B26
:10383000FB60FB68002BF9D1C046C046BD4604B012
:1038400080BDC0460000002040420F0080B582B01D
:1038500000AF0200FB1D1A70FB1D1B787F2B09D8DF
:10386000FB1D1B781A001F231A40044B01219140B5
:103870000A001A60C046BD4602B080BD00E100E00B
:1038800090B583B000AF02003960FB1D1A70FB1DBC
:103890001B787F2B28D82F4AFB1D1B785BB29B0817
:1038A000C0339B009B58FA1D1278110003220A4076
:1038B000D200FF2191400A00D2431A4011003B6818
:1038C0009B01FF221A40FB1D1B78180003230340B5
:1038D000DB009A401F48FB1D1B785BB29B080A4324
:1038E000C0339B001A5031E01B4AFB1D1B781900A6
:1038F0000F230B40083B9B0806339B00D31804336F
:103900001B68FA1D1278110003220A40D200FF2121
:1039100091400A00D2431A4011003B689B01FF22EC
:103920001A40FB1D1B78180003230340DB009A405C
:103930000948FB1D1B781C000F232340083B9B08F4
:103940000A4306339B00C31804331A60C046BD46C1
:1039500003B090BD00E100E000ED00E080B582B072
:1039600000AF78607B685A1E80235B049A4201D3C3
:10397000012310E00A4B7A68013A5A6001235B4246
:1039800003211800FFF77CFF054B00229A60044BCF
:1039900007221A6000231800BD4602B080BDC04651
:1039A00010E000E080B584B000AFB9607A600F210C
:1039B0007B18021C1A70BA687B181B785BB2110066
:1039C0001800FFF75DFFC046BD4604B080BD80B55E
:1039D00082B000AF0200FB1D1A70FB1D1B785BB2AA
:1039E0001800FFF733FFC046BD4602B080BD80B56A
:1039F00082B000AF78607B681800FFF7AFFF03006C
:103A00001800BD4602B080BD80B586B000AF7860BA
:103A1000396000237B610023FB6000233B614FE1A1
:103A20003B681B6801217A6991400A001340FB60E2
:103A3000FB68002B00D140E13B685B680322134028
:103A4000012B05D03B685B6803221340022B30D169
:103A50007B689B683B617B695B0003229A40130093
:103A6000DA433B6913403B613B68DA687B695B0082
:103A70009A4013003A6913433B617B683A699A6044
:103A80007B685B683B6101227B699A401300DA43E3
:103A90003B6913403B613B685B681B0901221A408C
:103AA0007B699A4013003A6913433B617B683A692A
:103AB0005A603B685B6803221340032B17D07B6876
:103AC000DB683B617B695B0003229A401300DA43A9
:103AD0003B6913403B613B689A687B695B009A4095
:103AE00013003A6913433B617B683A69DA603B68CB
:103AF0005B6803221340022B23D17B69DA087B68C1
:103B000008329200D3583B617B69072213409B0027
:103B10000F229A401300DA433B6913403B613B6834
:103B20001A697B6907210B409B009A4013003A6990
:103B300013433B617B69DA087B680832920039697C
:103B4000D1507B681B683B617B695B0003229A4014
:103B50001300DA433B6913403B613B685B68032217
:103B60001A407B695B009A4013003A6913433B613A
:103B70007B683A691A603B685A68C0239B0213400D
:103B800000D19AE0544B5A6B534B01210A435A63BC
:103B9000524A7B699B0802339B009B583B617B69BF
:103BA000032213409B000F229A401300DA433B6923
:103BB00013403B617A68A023DB059A4219D07B68E9
:103BC000474A934213D07B68464A93420DD07B68A4
:103BD000454A934207D07B68444A934201D105236A
:103BE00008E0062306E0032304E0022302E00123A9
:103BF00000E000237A6903210A40920093403A6969
:103C000013433B6135497B699B0802339B003A694A
:103C10005A50374B9B683B61FB68DA433B69134062
:103C20003B613B685A6880235B03134003D03A69C9
:103C3000FB6813433B612E4B3A699A602C4BDB685F
:103C40003B61FB68DA433B6913403B613B685A6860
:103C500080239B03134003D03A69FB6813433B6105
:103C6000234B3A69DA60224B5B683B61FB68DA43BD
:103C70003B6913403B613B685A6880239B021340B9
:103C800003D03A69FB6813433B61194B3A695A60A8
:103C9000174B1B683B61FB68DA433B6913403B6190
:103CA0003B685A6880235B02134003D03A69FB6883
:103CB00013433B610E4B3A691A607B6901337B61A8
:103CC0003B681A687B69DA40131E00D0A8E6C0463C
:103CD000C046BD4606B080BD001002400000014055
:103CE0000004005000080050000C0050001C005060
:103CF0000004014080B582B000AF78600800110078
:103D0000BB1C021C1A807B1C0A1C1A707B1C1B78B3
:103D1000002B04D0BB1C1A887B689A6103E0BB1C93
:103D20001A887B689A62C046BD4602B080BD00001A
:103D3000B0B58AB000AF78607B68002B02D1012358
:103D400000F0AFFBCF4BDB680C2213403B62CD4B46
:103D5000DA6880235B021340FB617B681B680122E9
:103D6000134000D17EE03B6A082B07D03B6A0C2B46
:103D700012D1FA6980235B029A420DD1C14B1A68B5
:103D800080239B02134000D16BE07B685B68002BB3
:103D900067D1012300F085FB7B685A6880235B02B2
:103DA0009A4207D1B74B1A68B64B802149020A43A1
:103DB0001A6027E07B685A68A023DB029A420ED182
:103DC000B04B1A68AF4B8021C9020A431A60AD4B51
:103DD0001A68AC4B802149020A431A6012E0A94BD1
:103DE0001A68A84BA8490A401A60A64B1A68802393
:103DF0005B021340FB60FB68A24B1A68A14BA3490E
:103E00000A401A607B685B68002B15D0FEF7C6FF7E
:103E10000300BB6109E0FEF7C1FF0200BB69D31AD2
:103E2000642B02D9032300F03CFB964B1A688023D5
:103E30009B021340EFD015E0FEF7B0FF0300BB611B
:103E400008E0FEF7ABFF0200BB69D31A642B01D96F
:103E5000032326E38B4B1A6880239B021340F0D187
:103E600000E0C0467B681B680222134000D18BE053
:103E70007B68DB687B613B6A042B05D03B6A0C2BBB
:103E80003ED1FB69002B3BD17E4B1B6804221340C3
:103E900004D07B69002B01D1012302E3794B5B68DD
:103EA0007B4A134019007B681B691A02754B0A4351
:103EB0005A60744B1B68092293431900714B7A694D
:103EC0000A431A6000F040FC01006E4BDB681B09DE
:103ED0000F2213406F4AD35C0A00DA406E4B1A601F
:103EE0006E4B1B6813257C191800FEF711FF0300A9
:103EF00023707B191B78002B46D07B191B78D0E2EE
:103F00007B69002B27D05F4B1B6809229343190064
:103F10005C4B7A690A431A60FEF740FF0300BB61FD
:103F200008E0FEF73BFF0200BB69D31A022B01D960
:103F30000323B6E2534B1B6804221340F1D0514BCC
:103F40005B68534A134019007B681B691A024D4B8A
:103F50000A435A6018E04B4B1A684A4B01218A43C6
:103F60001A60FEF71BFF0300BB6108E0FEF716FFB7
:103F70000200BB69D31A022B01D9032391E2414B02
:103F80001B6804221340F1D17B681B681022134088
:103F900000D1A1E03B6A002B40D13A4B1A68802344
:103FA0009B00134005D07B68DB69002B01D1012306
:103FB00077E2344B5B683A4A134019007B685A6ACF
:103FC000304B0A435A602F4B5B681B02190A7B680F
:103FD0001B6A1A062B4B0A435A607B685B6A5B0BB1
:103FE0000133802212029A40264BDB681B090F2105
:103FF0000B402849CB5CDA40274B1A60274B1B68E3
:1040000013257C191800FEF783FE030023707B192B
:104010001B78002B60D07B191B7842E27B68DB6940
:10402000002B3FD0174B1A68164B802149000A43DA
:104030001A60FEF7B3FE0300BB6108E0FEF7AEFEB8
:104040000200BB69D31A022B01D9032329E20D4BCD
:104050001A6880239B001340F0D00A4B5B68104A1B
:10406000134019007B685A6A064B0A435A60054B95
:104070005B681B02190A7B681B6A1A06014B0A431C
:104080005A6029E000100240FFFFFEFFFFFFFBFF28
:10409000FFE0FFFF00950008000000200400002062
:1040A000FF1FFFFFBD4B1A68BC4BBD490A401A6099
:1040B000FEF774FE0300BB6108E0FEF76FFE02002E
:1040C000BB69D31A022B01D90323EAE1B34B1A6867
:1040D00080239B001340F0D17B681B6808221340AB
:1040E00036D07B685B69002B19D0AC4B1A6DAB4B9B
:1040F00001210A431A65FEF751FE0300BB6108E087
:10410000FEF74CFE0200BB69D31A022B01D9032330
:10411000C7E1A24B1B6D02221340F1D018E09F4B68
:104120001A6D9E4B01218A431A65FEF737FE030084
:10413000BB6108E0FEF732FE0200BB69D31A022B16
:1041400001D90323ADE1954B1B6D02221340F1D140
:104150007B681B680422134000D1AEE027203B1887
:1041600000221A708D4B9A6B80235B05134009D196
:104170008A4B9A6B894B802149050A439A633B1805
:1041800001221A70874B1A6880235B0013401AD1F2
:10419000844B1A68834B802149000A431A60FEF75A
:1041A000FDFD0300BB6108E0FEF7F8FD0200BB69FE
:1041B000D31A642B01D9032373E17A4B1A68802345
:1041C0005B001340F0D07B689A6880235B009A42C2
:1041D00007D1724B1A6D714B802149000A431A6551
:1041E00031E07B689B68002B0CD16C4B1A6D6B4BDC
:1041F0006B490A401A65694B1A6D684B6A490A4057
:104200001A6520E07B689A68A023DB009A420ED1F1
:10421000624B1A6D614B8021C9000A431A655F4BDE
:104220001A6D5E4B802149000A431A650BE05B4B17
:104230001A6D5A4B5A490A401A65584B1A6D574B1A
:1042400059490A401A657B689B68002B15D0FEF718
:10425000A5FD0300BB6109E0FEF7A0FD0200BB69FC
:10426000D31A524A934201D903231AE14B4B1A6DD8
:1042700080239B001340EFD014E0FEF78FFD030076
:10428000BB6109E0FEF78AFD0200BB69D31A474A09
:10429000934201D9032304E1404B1A6D80239B0014
:1042A0001340EFD12723FB181B78012B05D13B4B83
:1042B0009A6B3A4B3E490A409A637B681B682022FE
:1042C000134049D07B689B69002B26D0334B9A68FA
:1042D000324B01210A439A60304B5A6B2F4B01211C
:1042E0000A435A63334B1A6A324B802189010A43CD
:1042F0001A62FEF753FD0300BB6108E0FEF74EFDB6
:104300000200BB69D31A022B01D90323C9E0234B56
:104310009B6802221340F1D01EE0204B9A681F4B8D
:1043200001218A439A60234B1A6A224B22490A4090
:104330001A62FEF733FD0300BB6108E0FEF72EFDB5
:104340000200BB69D31A022B01D90323A9E0134B46
:104350009B6802221340F1D17B689B6A002B00D13D
:104360009EE03B6A0C2B00D177E07B689B6A022BB6
:1043700058D10A4B1A68094B10490A401A60FEF7D7
:104380000DFD0300BB611BE0FEF708FD0200BB69E9
:10439000D31A022B14D9032383E0C0460010024035
:1043A000FFFEFFFF00700040FFFBFFFF88130000CF
:1043B000FFFFFFEF00000140FFDFFFFFFFFFFFFEF9
:1043C0003A4B1A6880239B041340DDD1374BDB68DE
:1043D000374A134019007B68DA6A7B681B6B1A4303
:1043E0007B685B6B1A43314B0A43DA602F4B1A68C8
:1043F0002E4B802149040A431A60FEF7CFFC0300CC
:10440000BB6108E0FEF7CAFC0200BB69D31A022BAD
:1044100001D9032345E0254B1A6880239B041340F0
:10442000F0D03DE0214B1A68204B22490A401A6027
:10443000FEF7B4FC0300BB6108E0FEF7AFFC02002E
:10444000BB69D31A022B01D903232AE0174B1A6840
:1044500080239B041340F0D122E07B689B6A012BF0
:1044600001D101231DE0114BDB68FB61FA69802358
:104470005B021A407B68DB6A9A420FD1FA69F0232B
:104480009B031A407B681B6B9A4207D1FA69C023D1
:104490001B041A407B685B6B9A4201D0012300E049
:1044A00000231800BD460AB0B0BDC046001002404F
:1044B000FFFF02FFFFFFFFFEB0B584B000AF7860E2
:1044C00039607B68002B01D1012328E1964B1B68E2
:1044D000012213403A689A421ED9934B1B6801226D
:1044E00093431900904B3A680A431A60FEF756FC52
:1044F0000300FB6009E0FEF751FC0200FB68D31AE1
:104500008A4A934201D9032309E1874B1B680122A0
:1045100013403A689A42EED17B681B68022213402E
:1045200009D0834BDB68F022934319007B689A68BB
:104530007F4B0A43DA607B681B680122134000D17D
:1045400089E07B685B68022B07D1794B1A6880236E
:104550009B02134020D10123E1E07B685B68032BC1
:1045600007D1734B1A6880239B04134014D1012395
:10457000D5E07B685B68012B06D16D4B1B6804227C
:10458000134009D10123CAE0694B1A6880239B00BC
:10459000134001D10123C2E0654BDB680322934342
:1045A00019007B685A68624B0A43DA60FEF7F6FB33
:1045B0000300FB607B685B68022B11D109E0FEF70A
:1045C000EDFB0200FB68D31A584A934201D903233A
:1045D000A5E0574BDB680C221340082BEFD13AE0E3
:1045E0007B685B68032B11D109E0FEF7D7FB020063
:1045F000FB68D31A4D4A934201D903238FE04C4BF9
:10460000DB680C2213400C2BEFD124E07B685B6845
:10461000012B1BD109E0FEF7C1FB0200FB68D31A96
:10462000424A934201D9032379E0414BDB680C22D3
:104630001340042BEFD10EE0FEF7B0FB0200FB6845
:10464000D31A3A4A934201D9032368E0384BDB6816
:104650000C221340F0D1344B1B68012213403A68FE
:104660009A421ED2304B1B680122934319002E4BF5
:104670003A680A431A60FEF791FB0300FB6009E009
:10468000FEF78CFB0200FB68D31A284A934201D93B
:10469000032344E0244B1B68012213403A689A42EA
:1046A000EED17B681B680422134009D0204BDB68E5
:1046B000204A134019007B68DA681D4B0A43DA6010
:1046C0007B681B68082213400AD0194BDB681A4A22
:1046D000134019007B681B69DA00154B0A43DA6046
:1046E00000F032F80100124BDB681B090F22134067
:1046F000124AD35C0A00DA40114B1A60114B1B6856
:104700000B257C191800FEF703FB030023707B19AF
:104710001B78002B02D07B191B7800E000231800C7
:10472000BD4604B0B0BDC046002002408813000062
:1047300000100240FFF8FFFFFFC7FFFF00950008D1
:10474000000000200400002080B586B000AF3C4B84
:10475000DB68FB60FB680C2213400C2B13D05CD889
:10476000042B02D0082B0BD057E0354B1B681022CE
:10477000134002D0334B3B615DE0334B3B615AE069
:10478000324B3B6157E0FB689B0C0F221340304AD1
:10479000D35CBB60FB689B0D0322134001337B603D
:1047A000274BDA6880235B0213400FD0B9680A00F8
:1047B0005201521A93019B1ADB005B185B02796865
:1047C0001800FBF7BDFC03007B6123E01C4B1B685A
:1047D000102213400FD0B9680A005201521A9301F7
:1047E0009B1ADB005B181B0279681800FBF7A8FC1A
:1047F00003007B610EE0B9680A005201521A93016E
:104800009B1ADB005B189B0279681800FBF798FC89
:1048100003007B617B693B610DE0094B5B685B0BCF
:10482000072213403B603B680133802212029A400A
:1048300013003B61C0463B691800BD4606B080BD11
:104840000010024000093D000024F40000127A002C
:104850001095000880B582B000AF78607B68002BAF
:1048600001D1012332E07B6839229B5CDBB2002B53
:1048700007D17B683822002199547B681800FEF725
:10488000E7F87B683922022199547B681A687B68B3
:1048900004331900100000F011F97B683E22012159
:1048A00099547B683A22012199547B683B2201216B
:1048B00099547B683C22012199547B683D22012157
:1048C00099547B6839220121995400231800BD4670
:1048D00002B080BD80B584B000AF78607B681B6893
:1048E000DB68FB607B681B681B69BB60BB680222DE
:1048F000134021D0FB68022213401DD07B681B6847
:10490000032252421A617B6801221A767B681B6877
:104910009B690322134004D07B68180000F0B6F8AE
:1049200007E07B68180000F0A9F87B68180000F029
:10493000B5F87B6800221A76BB680422134022D0A7
:10494000FB68042213401ED07B681B68052252427C
:104950001A617B6802221A767B681B689A69C023F9
:104960009B00134004D07B68180000F08FF807E02C
:104970007B68180000F082F87B68180000F08EF861
:104980007B6800221A76BB680822134021D0FB689E
:10499000082213401DD07B681B68092252421A610D
:1049A0007B6804221A767B681B68DB69032213404C
:1049B00004D07B68180000F069F807E07B681800F5
:1049C00000F05CF87B68180000F068F87B68002253
:1049D0001A76BB681022134022D0FB6810221340C5
:1049E0001ED07B681B68112252421A617B68082224
:1049F0001A767B681B68DA69C0239B00134004D0D9
:104A00007B68180000F042F807E07B68180000F0AF
:104A100035F87B68180000F041F87B6800221A76B0
:104A2000BB68012213400CD0FB680122134008D060
:104A30007B681B68022252421A617B68180000F0F2
:104A400015F8BB68402213400CD0FB68402213408D
:104A500008D07B681B68412252421A617B681800AB
:104A600000F024F8C046BD4604B080BD80B582B0D9
:104A700000AF7860C046BD4602B080BD80B582B050
:104A800000AF7860C046BD4602B080BD80B582B040
:104A900000AF7860C046BD4602B080BD80B582B030
:104AA00000AF7860C046BD4602B080BD80B582B020
:104AB00000AF7860C046BD4602B080BD80B584B00E
:104AC00000AF786039607B681B68FB607A68802380
:104AD000DB059A4207D07B68224A934203D07B6869
:104AE000214A934208D1FB6870229343FB603B68E4
:104AF0005B68FA681343FB607A688023DB059A429F
:104B000007D07B68174A934203D07B68164A9342CA
:104B100008D1FB68154A1340FB603B68DB68FA6804
:104B20001343FB60FB68802293431A003B681B69B8
:104B30001343FB603B689A687B68DA623B681A68DB
:104B40007B689A627B681B6804221A437B681A6040
:104B50007B6801225A617B68FA681A60C046BD46CC
:104B600004B080BD0008014000140140FFFCFFFFBD
:104B700080B584B000AF786039607B6838229B5C78
:104B8000012B01D1022342E07B6838220121995494
:104B90007B683922022199547B681B685B68FB6043
:104BA0007B681B689B68BB60FB6870229343FB605B
:104BB0003B681B68FA681343FB607B681B68FA68F4
:104BC0005A607B681A688023DB059A4209D07B68AB
:104BD0001B68114A934204D07B681B680F4A9342BA
:104BE0000CD1BB6880229343BB603B685B68BA68AA
:104BF0001343BB607B681B68BA689A607B68392284
:104C0000012199547B68382200219954002318000F
:104C1000BD4604B080BDC0460008014000140140FC
:104C2000F0B51F00002316008BB09F4204DA8021EC
:104C300009067B181F002D23129A149D1370202340
:104C400003229D43462D07D02B00453B59424B4143
:104C50001099013ACB18109309AB049308AB039356
:104C6000139B00920293109B320001933B0001F0D2
:104C700091F80400472D1BD1119BDB0711D5109B28
:104C8000C31807930022002330003900FBF7DEFB36
:104C9000002801D0079B09933022099B07998B427A
:104CA00020D32000099B159A1B1B13600BB0F0BD8D
:104CB000109BC3180793462DE4D10378302B0CD1F9
:104CC0000022002330003900FBF7C0FB002804D18C
:104CD0000123109A9B1A139A1360139B079A1B685F
:104CE000D318CEE7591C09911A70D6E7F0B52B23DB
:104CF00085B005000C1E027001DA4C4202336B7065
:104D0000092C2CDD02ABDE1D20000A21FBF788FBFD
:104D100037003031013E200031700A210194FBF749
:104D200099FA019B0400632BEEDCBA1EA81C01005B
:104D300013003034147002AC07349C420AD80023AC
:104D4000944203D3093302AA9B18DB1BC018401BF3
:104D500005B0F0BD1C7801330C700131EBE7302356
:104D6000E418AB70281DEC70F1E70000F0B597B0C7
:104D70000D000A921C9C0B93099000F0F7FE03684B
:104D800018000D93FBF7C0F900230F9014932B7EAE
:104D900007220C932B680E930E992368C90545D5FD
:104DA0009B1893431A000832226001221E685F6834
:104DB0007B005B0811931096AE64EF641098119914
:104DC000A74B5242FDF7CEFA002831D11098119925
:104DD0000122A34B5242FBF749FB002828D10022B5
:104DE000002330003900FBF737FB002803D02B00ED
:104DF0002D2243331A700C9B9A4F472B00D89A4FA1
:104E0000032300240E9A2B6101339A432A600B9BE3
:104E10002900009309980A9B15AA00F0E5F90130D2
:104E200000D09EE00120404217B0F0BD0733B8E744
:104E300032003B0030003900FDF794FA00280BD017
:104E4000002F03DA2B002D2243331A700C9B874F5F
:104E5000472BD5D8864FD3E720220C9C6B68944310
:104E60005A1C46D107336B6080230E9ADB00134334
:104E700000222B60069214AA05920C9A0AA90492A9
:104E800013AA039223225218029201936B683200F4
:104E9000009309983B00FFF7C3FE139A0700472CC5
:104EA0002DD1D31C02DB6B689A4247DD0C9B023B81
:104EB000DBB20C93280013990C9A013950301391EE
:104EC000FFF714FF149A040013182B61012A02DC67
:104ED0002A68D20701D501332B6123230AAA9B1824
:104EE0001B78002B00D192E72B002D2243331A7040
:104EF0008DE7472CB8D1002BB6D10133B3E70C9B1B
:104F0000652BD7D90C9B662B1AD16B68002A09DD5B
:104F10002A61002B02D12968C9070BD501339B18E0
:104F20002B6107E0002B03D101222968114200D038
:104F30009A1C2A61139B0024AB65CEE767230C9370
:104F40001399149B994206DB2B682961DB07F1D585
:104F500001312961EEE701220029E0DC9218521AA2
:104F6000DDE72A68530508D42B693A000A990998A5
:104F70000B9CA047013029D154E70C9B652B00D82E
:104F8000DBE0A86CE96C00220023FBF75FFA002845
:104F900033D00123374A0A9909980B9CA047013066
:104FA00000D13FE7149E139BB34202DB2B68DB0763
:104FB0000CD50B9C0F9B0D9A0A990998A0470024C9
:104FC000013000D12EE7731EA3420ADC2B689B0739
:104FD00000D506E1159BE868984200DB24E718003D
:104FE00022E72A0001230A9909980B9F1A32B84731
:104FF000013000D116E70134E5E7139B002B3BDCC1
:1050000001231C4A0A9909980B9CA047013000D142
:1050100008E7149E139B334302D12B68DB07D5D5D9
:105020000F9B0D9A0A9909980B9CA0470023013009
:1050300000D1F7E60C93139B0C9A5B42934201DC80
:10504000330092E72A0001230A9909980B9C1A322F
:10505000A047013000D1E5E60C9B0133EAE7C046EA
:10506000FFFFEF7F1D9500081995000825950008A2
:105070002195000829950008149BAE6D0C939E4263
:1050800000DD1E00002E31DCF3430024DB1733402B
:105090000E93AE6D0E9BF31AA34230DC139B0C9A59
:1050A0009A4238DC2B68DB0735D4139C0C9B0C9A96
:1050B0009B1B141B9C4200DD1C00002C34DCE343D2
:1050C0000026DB171C40139B0C9AD31A1B1BB34200
:1050D00000DC7BE72A0001230A9909980B9F1A320A
:1050E000B847013000D19DE60136ECE733003A00C5
:1050F0000A9909980B9CA0470130C5D192E62A0075
:1051000001230A9909980B9E1A32B047013000D149
:1051100088E60134BDE70F9B0D9A0A9909980B9C0C
:10512000A0470130C1D17DE6BA1923000A99099838
:105130000B9EB0470130C2D174E6149B0C93012B37
:1051400002DC01231A4239D001233A000A99099856
:105150000B9EB047013000D164E60F9B0D9A0A996F
:1051600009980B9EB047013000D15BE6A86CE96C52
:105170000C9B0022013B0C930023FBF767F90028EE
:105180001AD10C9B7A1C0A9909980B9EB0470130E2
:105190000ED147E62A0001230A9909980B9F1A327B
:1051A000B847013000D13DE601360C9B9E42F1DB51
:1051B0002A0023005032D9E60026F6E73A00E2E75B
:1051C0002A0001230A9909980B9E1932B047013031
:1051D00000D127E60134EB68159A9B1AA342EFDC55
:1051E000F8E60024F7E7C046F7B5160001938A6891
:1051F0000B690C000090934200DA13002200336028
:1052000043321278002A01D00133336023689B06B1
:1052100002D53368023333602268062315001D402F
:105220001A4227D0230043331B785A1E9341226829
:10523000920630D4220001990098089D4332A84775
:10524000013025D00622236800251340042B05D108
:105250003368E568ED1AEB43DB171D40A36822694C
:10526000934201DD9B1AED180026B54220D10020A3
:1052700010E00135E36832689B1AAB42D2DD2200B0
:10528000012301990098089F1932B8470130F0D1E5
:1052900001204042FEBD3020E1184331087021005A
:1052A0005A1C45310978A218433202331170C1E704
:1052B0002200012301990098089F1A32B847013053
:1052C000E6D00136D1E70000F0B58BB006920A00B7
:1052D00043320793059003920A7E0C00109B782AB4
:1052E00009D8622A0BD8002A00D1BAE07A49049181
:1052F000582A00D18EE0250042352A7022E01000A5
:1053000063381528F7D8FAF711FF16001F00F6FFCB
:10531000F6FFF6FFF6FF1F00F6FFF6FFF6FFF6FFBB
:105320009F0036007E00F6FFF6FFB000F6FF360065
:10533000F6FFF6FF820025001A684235111D19603C
:1053400013682B7001239EE018680968021D0D0682
:105350000BD506681A60002E03DA2D23039A7642D5
:1053600013705D4B0A27049318E006681A6049061B
:10537000F1D536B2EFE70868196840C9050602D4CE
:10538000400600D5B6B21960534B0A2704936F2A22
:1053900000D1023F2300002243331A706368A360E8
:1053A000002B06DB04212268039D8A4322603343DD
:1053B0000CD0039D30003900FAF748FF049B013DF3
:1053C0005B5C2B70330006009F42F3D9082F09D194
:1053D0002368DB0706D5626823699A4202DC302322
:1053E000013D2B70039B5B1B2361079B21000093F6
:1053F0000598069B09AAFFF7F7FE013048D1012066
:1054000040420BB0F0BD202209680A432260782296
:1054100032490491210045310A701968226840C957
:10542000100602D4500600D5B6B21960D30702D5D3
:10543000202313432360002E01D01027AAE7202247
:10544000236893432360F8E71A680D68101D4969C3
:10545000186013682E0601D5196002E06D06FBD5B1
:1054600019800023039D2361BFE71A68111D19608D
:10547000156800212800626800F0F7FB002801D0C1
:10548000401B6060636823610023039A1370ACE7DC
:105490002A00236906990598079DA8470130AED0D8
:1054A00023689B0715D4099BE0689842A9DA180085
:1054B000A7E72200012306990598079E1932B047F5
:1054C00001309CD00135E368099A9B1AAB42F0DCAD
:1054D000E9E70025F7E7C0462B9500083C95000852
:1054E000F0B58BB016000390AE22002007938B68B6
:1054F0000C00591E52000690914205D95E3BFF3BBD
:1055000006935E23FF33A360F0232268DB0013437E
:105510002360230000251C331F0004930295099586
:10552000089501950595A268002A0AD033681B7872
:105530004E2B44D81800402B2CD82B38C1B20E2942
:105540002AD9019B002B03D02368A64A134023606D
:10555000029B013B012B00D9FEE0BE256D00049BA0
:105560009F4200D9EEE001200BB0F0BD1800613879
:105570000D28E6D8FAF7DAFD8900E5FFE5FFE5FF3B
:10558000BB00A700E5FFE5FF8F00E5FFE5FFE5FFB6
:10559000E5FF6B004138EBE70E28D2D8FAF7C6FDDD
:1055A0004F00D1FF4F009D00D1FF2100410041007D
:1055B00041004100410041004100410041006E2B8B
:1055C0000AD8602BD2D8542B00D181E0592BB8D106
:1055D000072DB6D108252FE0742B79D0792BF7D081
:1055E000AFE72168C8051CD580239943019B216042
:1055F00001330193069B002B03D0013B013206933C
:10560000A260A368013BA36023690133236173682F
:10561000013B7360002B00DC8AE0336801333360A8
:1056200081E7029A5119002900D08AE70D0022680B
:105630006D480291024022603B700137E1E7802112
:1056400022680A4200D17CE78A432260F4E7029A8A
:10565000002A0FD1019A002A0FD12268E021100000
:10566000C9000840884208D160490A4022600122EE
:105670000292E1E7029A022A58D0012D02D0042DAD
:1056800000D05EE70135EDB2D6E7029A012A00D0DC
:1056900057E70222ECE7002D10D1019A002A00D032
:1056A00052E72268E0211000C9000840884200D07B
:1056B0001BE14E4901350A402260BDE7FD21EA1E8B
:1056C0000A42DFD03DE7022D00D03AE70325B3E7D9
:1056D000062D00D035E70725AEE72268910500D4F6
:1056E0002FE743490A402260019A0592A4E7A021CE
:1056F00080202268C9001140C000814206D00242C9
:1057000000D11EE70199002900D1EEE0910504D4F3
:10571000019905980997091A089134490A40C0214E
:1057200049000A4322600022019285E703229FE795
:10573000C0235B003100E35803989847002800D14C
:10574000F1E6FEE6013F6359320039780398984745
:105750002369013B236102E76B1E062B0ED80297DB
:10576000022D20D9EB1BDBB20693029B069A9B18F5
:10577000DBB2032B27D1033DEDB27F1B2368DA0593
:1057800053D55B0536D5BE256D00049B9F4200D8DE
:10579000E9E6013F63593200397803989847236955
:1057A000013B2361F1E7BE256D00049B9F4200D8B9
:1057B000D9E6013F63593200397803989847236945
:1057C000013B2361F1E7029B3200013B1978029310
:1057D000BE235B00E358039898472369013B23618C
:1057E000C3E7C046FFFEFFFF7FFEFFFF7FF8FFFF1E
:1057F0007FFDFFFF23697D1E2978013B2361652919
:105800000CD045290AD0BE235B00E3583200039830
:1058100098472369BD1E013B29782361BE235B00A5
:105820003200E358039898472F00216810230A009C
:105830001A40194201D0002096E6C0213A70236830
:10584000C9000B408021C9008B4226D1059B019ADB
:1058500093420CD09A1A23007033FF339F4202D335
:1058600027006F37FF373800214900F009F900227F
:105870000499039802F05CFC079B226806000F0065
:105880001B68910716D507991A1D0A601B681E60D0
:105890005F60E3680133E360CDE7089B002BE6D04F
:1058A000099B0398591C0A2302F0D4FC089B099F0A
:1058B000C21AD0E7191D520702D5079A1160E5E711
:1058C000079A300011601D6832003B003900FCF778
:1058D00049FD002804D0074800F0D2F92860D8E735
:1058E00030003900FCF7EEFDF8E7002301932FE6C6
:1058F0004D9500088E960008002310B50400036043
:105900004360836081814366C28103614361836137
:10591000190008225C3000F021F90B4B246263620D
:105920000A4BA3620A4BE3620A4B23630A4B9C4275
:1059300005D00A4B9C4202D0094B9C4203D1200067
:10594000583000F08FF910BDC55A0008ED5A000814
:10595000255B0008515B000898020020000300202E
:105960006803002010B5034A0349044800F06CF8AE
:1059700010BDC0460C000020258600081C00002039
:1059800041680B4B10B50400994201D002F04AFE69
:10599000A168084B994202D0200002F043FEE16862
:1059A000054B994202D0200002F03CFE10BDC046DB
:1059B00098020020000300206803002010B5094B66
:1059C000094A04211A6009480022FFF795FF0122C5
:1059D00009210748FFF790FF022212210548FFF72F
:1059E0008BFF10BDD00300206559000898020020ED
:1059F000000300206803002010B5024800F033F9CE
:105A000010BDC046D903002010B5024800F02CF9A3
:105A100010BDC046D903002010B50400FFF7ECFF0D
:105A2000236A002B02D0FFF7EFFF10BD044B236267
:105A3000044B1B68002BF6D1FFF7C0FFF3E7C0460D
:105A400081590008D0030020F7B51400002600900B
:105A50000191A5686768013F04D52468002CF8D13E
:105A60003000FEBDAB89012B08D90E22AB5E01339D
:105A700004D029000098019B984706436835EAE75F
:105A80000EB410B500240C499DB01FAB02900690D7
:105A90000791049109480A4904CB0591006802A9BD
:105AA00001931B9402F03AFC029B1C701DB010BCC9
:105AB00008BC03B01847C046FFFFFF7F1800002056
:105AC0000802FFFF70B50C000E25495F00F078F862
:105AD000002803DB636D1B18636570BDA389024A50
:105AE0001340A381F9E7C046FFEFFFFFF8B51F00A1
:105AF0008B8905000C001600DB0505D50E23C95E59
:105B00000022022300F048F8A389054A2800134028
:105B1000A38132000E23E15E3B0000F065F8F8BD82
:105B2000FFEFFFFF70B50C000E25495F00F034F861
:105B3000A389421C03D1054A1340A38170BD802272
:105B400052011343A3816065F8E7C046FFEFFFFFF2
:105B500010B50E23C95E00F00DF810BD03008218C9
:105B6000934200D1704719700133F9E7004870473C
:105B700058010020002370B5064D040008002B607A
:105B8000FDF714F8431C03D12B68002B00D02360D1
:105B900070BDC046D403002070B504000800110099
:105BA0001A000023054D2B60FDF721F8431C03D19B
:105BB0002B68002B00D0236070BDC046D4030020AA
:105BC00070B50400080011001A000023054D2B6079
:105BD000FCF7B3FF431C03D12B68002B00D02360DC
:105BE00070BDC046D403002070B504000800110049
:105BF0001A000023054D2B60FCF7BCFF431C03D1AA
:105C00002B68002B00D0236070BDC046D403002059
:105C1000014B18687047C0461800002070B5002678
:105C20000C4C0D4D641BA410A64209D1002603F0B4
:105C30003BFC0A4C0A4D641BA410A64205D170BD62
:105C4000B300EB5898470136EEE7B300EB5898479E
:105C50000136F2E744990008449900084899000881
:105C600044990008704770477047C9B28218904243
:105C700001D10020704703788B42FBD00130F6E75A
:105C8000004870470000C07FF0B503690C6989B017
:105C9000039006910020A34263DB0B00013C143308
:105CA000A50004935B190593039B143301935D19BD
:105CB000059B2F681E68380001363100FAF740FA5C
:105CC0000290B74227D3049B00279C46019E07976A
:105CD000624608CA30689446029A99B251431B0C36
:105CE0005343C9190A0C9B1889B282B2521A0799F8
:105CF0001F0C5218000C9BB21114C31A5B18191414
:105D000092B21B041A43059B079104C66345DFD278
:105D10002B68002B2BD00699039801F003FA00287A
:105D20001EDB0026019D049901C92B6887B29AB237
:105D3000D21B9219000C1B0C1B1A10141B181E14DA
:105D400092B21B041A43059B04C58B42ECD2019A04
:105D5000A300D3181A68002A14D0029B01330293BF
:105D6000029809B0F0BD2B68002B04D1013C019BC7
:105D7000043DAB42F7D3039B1C61CCE71A68002AB1
:105D800004D1013C019A043B9A42F7D3039B1C6166
:105D9000E3E70000F0B514001D00C6699DB00A9449
:105DA0000B95259F0390002E0FD1102000F02CFEA4
:105DB000039B021ED86104D1EF21C74BC74802F0F4
:105DC000A1FC466086600660C660039BDB691968BB
:105DD00000290BD05A68012393404A608B600398D6
:105DE00000F012FF0022039BDB691A60002D1EDA0F
:105DF00001233B606B005B080B930B9FB84BB84AC9
:105E00003B40934216D1B74B249A13603B031B0BC4
:105E1000234301D100F080FDB34B269A0893002A5A
:105E200002D0B24B269A136008981DB0F0BD002333
:105E30003B60E2E70A9A0B9B129213931298139914
:105E400000220023FAF702FB061E0BD00123249A3E
:105E50001360269B002B02D0A54B269A1360A54BFE
:105E60000893E1E71AAB01931BAB00930398129AD6
:105E7000139B01F079FA7A000590520D00D17BE076
:105E8000139B189619039C4B090B0B439B495718FE
:105E90001298139919000022994BFBF759FE994A61
:105EA000994BFBF76FFB994A994BFAF76BFB040090
:105EB00038000D00FCF7B4FA964A974BFBF762FBEB
:105EC00002000B0020002900FAF75CFB04000D0023
:105ED000FCF76AFA00220490002320002900FAF758
:105EE000BBFA00280BD00498FCF79AFA2B0022008A
:105EF000FAF7ACFA43425841049B1B1A049301235E
:105F00001593049B162B10D812981399049A834B5F
:105F1000D2009B181A685B68FAF79EFA002847D0EF
:105F2000049B013B04930023159300221A9B0692C5
:105F3000DB1B5A1E3ED50122D31A069300230D9374
:105F4000049B002B38DB049A0D9B944663440D930D
:105F5000002314920F93229B0124092B62D8052B56
:105F600002DD0024043B2293229B981E032863D861
:105F7000FAF7D2F85456382B1B9B1A9EF618684B2A
:105F8000F218202A0FDD40239B1A9F40654B3800F2
:105F9000F318DC402043FCF771FA0122624B771EB4
:105FA000CB18189276E7202320009B1A9840F2E73E
:105FB0001590BAE70D92C3E7069B049A9B1A0693C5
:105FC00053420F9300231493C5E70123239A1093A0
:105FD0009446049B63440E9301330993002B08DC21
:105FE000012306E001231093239B002B28DD0E9351
:105FF0000993039A0021D0690422150014359D42AB
:1060000023D94160039800F0BBFD089000281FD100
:10601000B021464B3148089AFF31D0E60023E2E731
:106020000023D3E7002310942293013B00220E9318
:10603000099313332392DCE701231093023BF5E726
:1060400001231A000E930993F4E701315200D4E7BB
:10605000039B089ADB691A60099B0E2B00D9D6E0D6
:10606000002C00D1D3E0049B002B63DD0F21049AA8
:106070002A4B0A40D2009B181E685F68049B0224CA
:106080001D11DB050AD52A4B0D401A6A5B6A12986E
:106090001399FAF73DFE0A900B910134244B0C93AF
:1060A000002D08D10A980B9932003B00FAF730FE18
:1060B0000A900B9159E001231D4209D0E4180C9B72
:1060C00030001A685B683900FBF75CFA06000F00C5
:1060D0000C9B6D100833E2E75F9500087695000889
:1060E0000000F07F0F2700005B9500085E95000818
:1060F0002A950008299500080000F03F01FCFFFFE9
:106100000000F83F61436F63A787D23FB3C8608B3D
:10611000288AC63FFB799F501344D33F2897000835
:106120003204000012040000000010FECE950008AA
:1061300000970008049B0224002B16D01298139994
:106140000F225D422A40D54BD2009B181A685B682B
:10615000FBF718FA012700230A900B91D04E2D115E
:10616000002D00D095E0002BA2D10A9E0B9F159B1D
:10617000002B00D198E0002230003900C94BFAF71B
:106180006BF9002800D18FE0099B002B00D18BE038
:106190000E9B002B37DD049B0022013B0C9330004B
:1061A000C14B3900FBF7EEF90A900B910E9B0134BD
:1061B00020001193FCF734F90A9A0B9BFBF7E2F9E4
:1061C000BA4B0022FAF7DEF9B94B0600CF18119B43
:1061D000002B6DD10A980B990022B64BFBF7B8FC47
:1061E00032003B0004000D00FAF74AF9002800D005
:1061F000B6E2802109067B18320020002900FAF758
:106200002BF9002828D1129B139C0A930B941B9BFB
:10621000002B00DA74E1049A0E2A00DD70E19F4B36
:10622000D2009B185C681B6806930794239B002B85
:1062300000DBE7E0099B002B00DDE3E00CD10698D2
:10624000079900229B4BFBF79DF90A9A0B9BFAF7E3
:1062500021F9002800D186E200263700239B089C04
:10626000DB430C93049700273100039800F0CCFC2B
:10627000049B002B00D1BBE0002F05D09F4203D030
:106280003900039800F0C0FC0499039800F0BCFCAE
:10629000AEE03D4205D032687368FBF773F93B000E
:1062A00001346D1008365BE7049B0C93099B7FE774
:1062B000119A7A4B013AD20010999B181A685B68C0
:1062C00000294CD000207C49FAF722FD32003B0027
:1062D000FBF73EFC089A060094460F00089B1693B5
:1062E000119B634411930A980B99FCF75DF8050024
:1062F000FCF796F802000B000A980B99FBF728FCB4
:10630000169B30355C1C1D7032003B000A900B91CF
:10631000FAF7A2F800286BD10A9A0B9B002061497A
:10632000FBF716FC32003B00FAF796F8002800D085
:10633000C6E0119BA34200D165E70022300039007E
:10634000594BFBF71FF9002206000F000A980B9922
:10635000554BFBF717F916940A900B91C3E73000E1
:106360003900FBF70FF9089D119A2B0094461690FF
:106370001791634419930A980B99FCF715F80400D8
:10638000FCF74EF80B0002000A980B99FBF7E0FBB4
:106390003034199B2C70013506000F00AB422AD116
:1063A00016981799089B119C9C460022424B644406
:1063B000FAF7E8F802000B0030003900FAF760F84D
:1063C000002800D07CE0169A179B00203A49FBF782
:1063D000BFFB02000B0030003900FAF73DF800283F
:1063E00000D110E72300013C2278302AFAD01C00AB
:1063F0000C9B049342E000222B4BFBF7C3F80A905E
:106400000B91B8E7099B089D013B5B190A9E0B9F06
:106410000A93069A079B30003900FAF779FCFBF7DC
:10642000C3FF0990FBF7FCFF069A079BFBF7AAF84E
:1064300002000B0030003900FBF78AFB2B00099AA1
:10644000013530321A700A9A2C009A424BD1020060
:106450000B00FAF797F8069A079B06000F00FAF769
:106460000FF800282AD1069A079B30003900F9F767
:10647000EDFF002802D0099BDD071FD40599039882
:1064800000F0C2FB00232370049B249A01331360A5
:10649000269B002B00D1C7E41C60C5E428970008A8
:1064A000009700080000F03F0000244000001C405E
:1064B0000000C0FC000014400000E03F049B0C936F
:1064C00023001C00013B1A78392A08D1089A9A4205
:1064D000F7D10C9A089901320C9230220A701A787E
:1064E00001321A7084E70022C64BFBF74BF80022FA
:1064F000002306000F00F9F7A9FF002889D0BDE7A7
:10650000109F0F9D069C002F14D0229A012A00DDB7
:10651000E4E0189A002A00D1DAE0BB4A9B18069AF8
:106520000121D21806920D9A0398D3180D9300F00A
:106530006FFC0700002C0ED00D9B002B0BDD0D9A7D
:106540002300944200DD1300069AE41AD21A069240
:106550000D9AD31A0D930F9B002B21D0109B002B6B
:1065600000D1D3E0059E002D14D039002A000398F5
:1065700000F010FD059A01000700039800F060FC90
:1065800006000599039800F03FFB0F9B05965B1BE7
:106590000F9305D031000F9A039800F0FBFC059093
:1065A0000121039800F034FC149B0600002B00D15D
:1065B000BCE11A000100039800F0ECFC229B0600ED
:1065C0000025012B16DC00250A9BAB420ED10B9B4C
:1065D0001B03AB420AD18D4B0B9A134206D0069B8C
:1065E0000135013306930D9B01330D93149B01205C
:1065F000002B08D0336903339B00F318586800F070
:10660000B7FB2023181A0D9B181802001F231A40ED
:10661000184200D181E001339B1A042B79DD1C2341
:106620009B1A069AE418D21806920D9AD3180D9365
:10663000069B002B05DD1A000599039800F006FD66
:1066400005900D9B002B05DD31001A00039800F02A
:10665000FDFC0600159B002B61D03100059800F071
:1066600061FD00285BDA049B0A22013B0C9305992B
:106670000023039800F0ECFA109B0590002B00D14A
:106680005BE1002339000A22039800F0E1FA0E9B37
:106690000700002B4DDC229B022B46DD0E9B002BBE
:1066A00000D0DBE531000522039800F0D1FA0600A6
:1066B0000100059800F036FD002800DCCEE5089BBF
:1066C000089A5C1C312313700C9B01330C93C9E5B1
:1066D00036231A9A0F9D9B1A069C20E7099B5D1E84
:1066E0000F9BAB4208DB5D1B099B002BF4DA069B7A
:1066F000099A9C1A002312E70F9B149AEB1AD318DD
:1067000014930F95069C0025099B08E70F9A05999D
:1067100042E7042B8CD01C3383E71300FBE7049B78
:106720000C93099B0E93002BB5DD109B002B00D121
:1067300007E1002C05DD39002200039800F086FCFB
:1067400007000497002D20D07968039800F018FA0C
:10675000041E0CD122002E4B2E482F49FFF72FFB91
:10676000119E3700ABE7049B099E0C93F9E73900B3
:106770003A690C31023292000C3001F0B3FF012271
:106780002100039800F062FC0490089B0E9A069387
:10679000013B9B1801220F930A9B13400E9331007B
:1067A0000598FFF771FA390005000A90059800F086
:1067B000B9FC049A0D903100039800F0CFFC01223F
:1067C000C368040030350992002B04D101000598FC
:1067D00000F0A8FC09902100039800F015FA069B30
:1067E000229A5C1C099B13430E9A134316D1392D30
:1067F0002FD00D9B002B01DD0A9D3135069B1D70AE
:1068000032E5C04600002440330400000000F07F61
:10681000CE95000876950008EF0200000D9B002B36
:1068200004DB229A13430E9A13431ED1099B002BBB
:10683000E4DD05990122039800F008FC3100059081
:1068400000F070FC002802DCD8D1EB07D6D5392D3A
:10685000D2D13923069A137023001C00013B1A7809
:10686000392A50D001321A70FEE4099B002B03DD57
:10687000392DEED00135C1E7069B069A1D700F9B9E
:1068800093422BD000230A220599039800F0E0F9E7
:10689000049B05909F4209D1390000230A220398E6
:1068A00000F0D6F907000490069478E73900002339
:1068B0000A22039800F0CCF9002307000A22049969
:1068C000039800F0C5F90490EEE70E9B0124002B1D
:1068D00000DD1C0004970027089B1C190599012264
:1068E000039800F0B3FB3100059000F01BFC00287A
:1068F000B2DC01D1ED07AFD423001C00013B1A78B4
:10690000302AFAD0B0E4089A9A42A6D10C9B0133FF
:106910000C9331231370A7E4144B269A0893144B5D
:10692000002A01D0FFF77EFAFFF77EFA229B012BA7
:1069300000DC48E60120149D65E60E9B002B00DC80
:10694000A9E6002431000598FFF79EF9089B303036
:1069500018550E9B01340500A342B6DD00230A2220
:106960000599039800F074F90590EBE7529500083B
:106970005A95000870B505000C1E10D0043C236821
:10698000002B00DAE418280000F0EAF81D4A13682A
:10699000002B05D163601460280000F0E9F870BD99
:1069A000A34208D9206821188B42F3D119685B688B
:1069B00009182160EEE71A005B68002B01D0A342A2
:1069C000F9D911685018A0420BD120680918501845
:1069D00011608342E0D118685B6841181160536010
:1069E000DAE7A04202D90C232B60D5E720682118F2
:1069F0008B4203D119685B68091821606360546099
:106A0000CAE7C046E003002010B5034B0100186838
:106A100000F026F810BDC0461800002070B50F4EDB
:106A20000D0031680400002902D101F049FE3060F8
:106A30002900200001F044FE431C03D101256D42D2
:106A4000280070BD0323C51C9D43A842F8D0291A15
:106A5000200001F035FE0130F2D1EFE7DC03002029
:106A6000F7B50322CB1C9343083305001F000C2B02
:106A700034D20C27B94233D8280000F071F8374ED1
:106A800033681C00002C2FD139002800FFF7C6FF07
:106A90000400431C5FD134680094009B002B4AD152
:106AA000002C52D023682800E3180099019301F0CC
:106AB00007FE019B834248D123682800FF1A390052
:106AC000FFF7ACFF013040D02368DB192360336847
:106AD0005A68002A33D1009B336019E0002BC9DAD1
:106AE0000C232B600020FEBD2168C91B20D40B297C
:106AF0000AD9E2192760A34204D1326063681160A9
:106B0000536005E05A60F9E76268A3420ED1326033
:106B1000280000F02DF8200007220B30231D9043A1
:106B2000C21A9842DFD01B1AA350DCE75A60EFE785
:106B300023006468A6E7009C63680093ADE71A0031
:106B40005B68A342FBD10023DAE70C2328002B600B
:106B500000F00EF8C6E70760DAE7C046E003002061
:106B600010B50248FFF77FF810BDC046D8030020DB
:106B700010B50248FFF778F810BDC046D8030020D2
:106B800070B5C56906000C00002D0ED11020FFF76E
:106B90003BFF021EF06104D16B21194B194801F033
:106BA000B1FD456085600560C560F569EB68002B47
:106BB00013D0F369A200DB689B181868002818D16D
:106BC00001210D00A5406A1D3000920001F0B8FDC2
:106BD00000280CD0446085600DE0212204213000A3
:106BE00001F0AEFDF369E860DB68002BE1D1002025
:106BF00070BD02681A6000230361C360F8E7C046F5
:106C00005F950008DF95000870B5C66905000C00A7
:106C1000002E0ED11020FFF7F7FE021EE86104D10E
:106C20008F21094B094801F06DFD466086600660C2
:106C3000C660002C07D0EB696268DB6892009B1885
:106C40001A6822601C6070BD5F950008DF9500081F
:106C5000F7B50F0001900C001E0000200D691437DD
:106C60003B68013099B251431B0C534389190E0CF8
:106C70009B191E0C89B21B045B1808C78542EFDC08
:106C8000002E22D0A368AB4219DC61680198013163
:106C9000FFF776FF071E05D13A00BA210C4B0D48CD
:106CA00001F030FD210022690C31023292000C30DB
:106CB00001F018FD21000198FFF7A6FF3C002B1DF5
:106CC0009B00E31801355E6025612000FEBDC046D3
:106CD000CE950008DF950008F7B5070018000C00F6
:106CE0000830092101931500F9F7B4FA01230021B6
:106CF00083420ADB3800FFF743FF011E08D10A0078
:106D0000194B1A48D33101F0FDFC5B000131EFE76C
:106D1000089B436101230361092D18DD230009331A
:106D20001E000093641933780A223800303BFFF7C5
:106D30008FFF01360100A642F5D12C00009B083CD4
:106D40001C192E00019B9E4204DB0800FEBD092594
:106D50000A34F6E7631B9B5D0A223800303BFFF7DD
:106D600077FF01360100EDE7CE950008DF950008BA
:106D70008022030052020020934201D21B041030F3
:106D800080225204934201D208301B028022520515
:106D9000934201D204301B018022D205934201D2DA
:106DA00002309B00002B03DB0130134200D1202076
:106DB00070470368010007221800104013420DD0ED
:106DC000063A0020134205D10230034203D0D340DB
:106DD00010000B6070479B080B60FBE79AB2002A1B
:106DE00001D110201B0CDAB2002A01D108301B0A95
:106DF0001A0701D104301B099A0701D102309B0800
:106E0000DA07E9D401305B08E6D12020E2E7000090
:106E100010B50C000121FFF7B3FE002807D1462171
:106E2000054C0200054B2000FF3101F06BFC0123F3
:106E30004461036110BDC046DF950008CE9500088F
:106E4000F0B514000A6923690D0089B09A4202DB8B
:106E500023000C001D0027692E696168BB1900938F
:106E6000A368BA19934200DA0131FFF789FE84461C
:106E7000002806D1B1216246444B4548490001F043
:106E800041FC0200BB1914329B00D318019300216E
:106E900013000198834228D32300BF0014330493C6
:106EA0001435DB19B6000293AB190793042305933D
:106EB000230002991533994205D30C1B153CA408F5
:106EC0000134A3000593079B9D4210D3009B002B28
:106ED00005DD019B043B01931B68002B52D06346E8
:106EE0006046009A1A6109B0F0BD02C3D1E72C6870
:106EF000A4B2002C1FD000231700049E039308CED9
:106F0000396806936B461B8B88B263431B18039842
:106F1000090C1B180698000C60434018190C411806
:106F2000080C9BB209041943029B039002C7B342A9
:106F3000E5D8059BD0502C68240C20D000211000EF
:106F40001368049E03913168076889B261433F0C5E
:106F5000C919039F9BB2C9190F041F43076080CE54
:106F600043683F0C67439BB2090CFB185B18190C74
:106F7000039102990430B142E5D805995350043584
:106F80000432A0E7009B013B00939FE7CE950008E9
:106F9000DF950008F7B50323150007000E001A401F
:106FA0001D4208D02549013A920052580023310071
:106FB000FFF74EFE0600AD103DD0FC69002C0FD14E
:106FC0001020FFF721FD021EF86105D1B4211C4BF2
:106FD0001C48FF3101F096FB446084600460C4608B
:106FE000FB699C680193002C08D138001649FFF713
:106FF0000FFF019B040098600023036001231D42E2
:107000000AD0310022003800FFF71AFF310001904A
:107010003800FFF7F9FD019E6D100CD020680028A4
:1070200007D1220021003800FFF70AFF002320606B
:1070300003600400E2E73000FEBDC046F0960008A1
:107040005F950008DF95000871020000F0B50C00A4
:1070500016002369571185B0FB1801930133009383
:107060004968A3680290009A934210DB0298FFF7E8
:1070700087FD0023010005001A00143198420CD14D
:10708000EF212A00254B2648490001F03BFB013146
:107090005B00E8E798000A500133BB42FADBFB4390
:1070A000DB171F40BF0023001F20C91937002269CA
:1070B000143392009A180740064229D00130C01BB1
:1070C00003908C4600201E68BE400643604640C0C8
:1070D0008446039E01CBF0409A42F4D82600153630
:1070E0000423B24204D3131B153B9B0801339B00BE
:1070F000C850002802D0019B02330093009B0298E5
:10710000013B21002B61FFF77FFD280005B0F0BD9A
:1071100001CB01C19A42FBD8F0E7C046CE950008EA
:10712000DF95000830B50B6904690200E01A9C4243
:107130000FD114329B0014311400C918D218043A2C
:10714000043915680B689D4204D001209D4200D28D
:10715000023830BD9442F2D3FBE70000F0B50C00DA
:1071600087B00090110020001700FFF7DBFF051E1D
:1071700010D101000098FFF703FD021E04D1404B1F
:107180004048414901F0BEFA012345610361100006
:1071900007B0F0BD0026B04203DA23003C001F0018
:1071A000013661680098FFF7EBFC021E03D1344BF7
:1071B00034483649E6E72369143400939B00E3180A
:1071C000210001943C0002933B6914349B00E318B6
:1071D00003930300C6608C46002014330493059388
:1071E000634620CBA9B20E009C4608CC2D0C99B268
:1071F000711A09181B0C0814EB1A1B18181489B201
:107200001B041943059B02C30593039BA342E7D8C4
:107210003900039C153104238C4204D3E31B153B36
:107220009B0801339B000199CD1804992E00CB18BF
:107230001F0002998E4211D3029CE91E00208C424D
:1072400004D321000331491B890888001B18043B23
:107250001968002910D0009B136198E7844602CE7C
:1072600088B2604400140C0C04196144201489B2E3
:107270002404214302C7DCE7009901390091E6E7C5
:10728000CE950008DF950008370200004502000097
:1072900010B500240C4B0D4A0B409B18A34206DC92
:1072A0005B421A15132A05DC80231B0313411900C6
:1072B000200010BD143A01241E2A02DC802424067A
:1072C000D4400023F3E7C0460000F07F0000C0FC7C
:1072D000F7B50600036914369B00F3181D1F2C68D0
:1072E0000F0020000193FFF743FD2022121A3A609D
:1072F00003001C4A0A2815DC0B212700091ACF407D
:107300003A438C4611000022AE4202D2019A083A5A
:10731000126815339C4063462700DA401743380053
:1073200003B0F0BD0027AE4202D2019D083D2F6898
:107330000B2149428C469C440B2B10D061462023E4
:107340008C405B1A3900D9400C43224311000022C3
:10735000B54201D9043D2A686446A740DDE72243CF
:107360001100DCE70000F03FF7B5012116001F0017
:10737000FFF706FC041E05D12200254B25482649AF
:1073800001F0C0F93B037D001B0B6D0D02D0802284
:10739000520313430193002E25D068460096FFF751
:1073A00008FD019B009900281BD020221E00121A04
:1073B00096403200C3400A4362610193019EA66178
:1073C000731E9E4101362661002D14D03526134BC5
:1073D000ED18089B2D181D60099B361A1E602000B1
:1073E000FEBD6161EAE701A8FFF7E3FC019B01260E
:1073F00063612030E7E70A4BC018089B1860094B0F
:10740000F3189B00E3185869FFF7B2FC7601E3E735
:10741000CE950008DF9500080F030000CDFBFFFFAD
:10742000CEFBFFFFFFFFFF3FF0B587B00F0004A9C1
:107430000600FFF74DFF00900191009B019C380072
:1074400005A902930394FFF743FF0D0002000B0010
:1074500030693969049E401A05994001711A411832
:107460000805002908DD0199411803910298039944
:10747000F9F74EFC07B0F0BD2B1AF7E770B5140012
:1074800005000139136949110131890014349B0049
:107490004118E318A3420DD8140011340025A3426B
:1074A00003D39B1A113B9B089D0000234019814286
:1074B00003D870BD40CC40C5ECE708C0F7E7020038
:1074C000006910B514324B11984213DB0CDD1F24F8
:1074D00008002040214207D099008C582100C1406B
:1074E000814001208C4204D19B00D318934203D8E1
:1074F000002010BD0300F7E7043B19680029F5D010
:107500000120F6E770B516000D00FFF7C1FE002E52
:107510000DD06B236A00520D9B1A002B07DD00244F
:10752000034A1B059D182B002200FAF72BF870BDAB
:107530000000F03FF0B5A3B01B9200220026002708
:10754000059009911E921D910A782B2A53D03FD89D
:107550000D2A39D8082A39D8002A42D0002212929E
:1075600000211D9D0C912A78302A00D083E06A7892
:1075700020318A43582A00D073E00293129B9B4A21
:1075800001931EAB009305981FAB1DA901F06EF986
:107590000F2302001A4004000692184205D0062A62
:1075A0002BD1002301351D9512931B9B002B02D07C
:1075B0001D9B1B9A1360129B002B19D08023300057
:1075C0001B06F91823B0F0BD202AC7D10131BAE754
:1075D0002D2AC3D12C3A12924A1C1D924A78002AB5
:1075E000BED1099B1D93002312931B9B002BDFD15F
:1075F00030003900E6E70022EDE71E9A002A07D0A6
:10760000352120A8FFF73AFF1E990598FFF7FCFAED
:1076100006981F9B0138042806D8F8F77DFD120351
:107620001C1E1200209E219FE40502D580231B060C
:107630001F436F4B3B42B8D1FEF7EAFA22230360A7
:10764000B3E76C49219A209E0A406B495B181B05E1
:107650001A431700E8E7664FE6E70126674F7642D0
:10766000E2E71D9B5A1C1D925B78302BF9D0002B52
:107670009BD001230C931D9B0A221393002310938C
:107680000D9308931D9804782300303BD9B2092943
:1076900027D901225A4901F002F8002833D00020EE
:1076A00023008446089A0E900692202219009143E6
:1076B0000A0000210791452A00D0CBE0069B0C9AD6
:1076C000034313438B428CD01D9B099301331D93BD
:1076D000099B5B782B2B7BD00C002D2B7ED10124BA
:1076E00077E00899082909DC0D9951435B180D933F
:1076F000089B0130013308931D90C3E7109D55434B
:107700005B191093F4E71D9B5A1C1D92089A5B7835
:10771000002A3ED00E9006921A00303A092A12D959
:1077200001229446C1E71D9B01305A1C1D925B78D3
:10773000302BF8D01A00313A082A44D80E90002095
:107740001D9A069013921C00421C303C302B1AD01C
:107750000E9B06999B180E930A239C46069D4B1C74
:107760005D1BAA4217DCC343069ADB170340D118FE
:107770000132D318069308291CDC0A230D9A5343BF
:107780000022E3180D931D9B1000591C1D915B787E
:10779000C2E70898CCE7082905DC65460D996943DE
:1077A0000D911900DAE7102BFBDC6146109D4D436B
:1077B0001095F6E700220F29E5DC0A23109D5D43B2
:1077C00063191093DFE700220E9206920132A8E7B8
:1077D0000024099B02331D93099B9B781A00303AC1
:1077E000092A13D9099A1D92002232E00498000850
:1077F0000000F07FFFFFEFFF33040000FFFFFF7F7B
:10780000389600081D9B5A1C1D925B78302BF9D0CE
:10781000002207921A00313A082A1BD8303B1A007E
:107820001D9B07931D9B591C1D915B781D00303DCE
:10783000092D3AD9079D491B0D00B3490791082D21
:1078400003DC07928A4200DD0791002C02D0079AE0
:1078500052420792069A002A4BD10C9A104300D04C
:10786000A3E66246002A00D0BBE6692B25D021DCC6
:10787000492B22D04E2B00D0B3E6A4491DA801F01D
:107880002BFA002800D1ACE61D9B1B78282B2AD1AF
:107890009F4920AA1DA801F033FA052823D1219B76
:1078A0009C4A209E1A4317007FE60A214A43D218B9
:1078B000303AB7E76E2BE0D093E697491DA801F068
:1078C0000BFA002800D18CE61D9B9449013B1DA8B2
:1078D0001D9301F001FA002802D11D9B01331D9375
:1078E00000268C4F61E68E4800F006FF06000F0070
:1078F0005BE6079B0E9A9B1A0C93089B002B01D109
:10790000069B0893069C102C00DD10240D98FAF7B6
:10791000B5FD069B06000F00092B13DC0C9B002B0A
:1079200000D142E60C9B002B00DC7EE0162B63DCD2
:107930007C49DB00C9183200086849683B00F9F748
:1079400021FED3E72200774B093AD2009B181A6830
:107950005B68F9F717FE060010980F00FAF78EFD26
:107960000B00020039003000F8F70CFE069B060001
:107970000F000F2BD2DD069B1C1B0C9BE418002C68
:1079800000DC9BE00F222300134014420AD065491B
:10799000DB00C9183200086849683B00F9F7F2FDBE
:1079A00006000F000F239C4373D02633FF339C4205
:1079B0004BDD0023069307930D93089322230026A3
:1079C000059A544F13600D9BB34200D1EDE51E990B
:1079D0000598FFF719F908990598FFF715F9079920
:1079E0000598FFF711F90D990598FFF70DF906991C
:1079F0000598FFF709F9D8E52523069A9B1A0C9AF2
:107A00009342B8DB0F24069B464DE41AE100691847
:107A10003200086849683B00F9F7B4FD0C9B1C1B59
:107A2000E4002D192A686B6889E70C9B1633A2DBEA
:107A300007990E9A3B4B521AD2009B1830001A68D5
:107A40005B683900F9F764F950E70023300039002A
:107A5000354D24110993012C1EDC002B01D00600AA
:107A60000F00324B099AFF182F4BD5005D193200D9
:107A7000286869683B00F9F785FD264B2C4A06000B
:107A80000B40934295D82B4A934213D901262A4F93
:107A900076420023099386E00122144204D02A682A
:107AA0006B68F9F76FFD0123099A6410013209929E
:107AB0000835D0E7D4239B04CF18EAE7002CE8D0A0
:107AC00064420F2322001A401C420AD0154BD200F8
:107AD0009B1830001A685B683900F9F719F906003D
:107AE0000F002411D5D01F2C28DD00230693079307
:107AF0000D9308932223059A002613600D9B0027FF
:107B0000002B00D063E750E51F4E000026950008CB
:107B1000F09700080000F07F1E95000855950008BA
:107B20008E96000828970008009700080000B0FC17
:107B30000000A07C0000907CFFFFEF7F102322005C
:107B40001A4009921C4201D05A330993300039007F
:107B50000023C04D0122144204D02A686B68F9F753
:107B600011FD012364100835002CF3D1002B01D046
:107B700006000F00099B002B0DD06B237A00520DDD
:107B800039009B1A002B06DD1F2B5CDD0026342BF1
:107B900052DDDC27BF040022002330003900F8F753
:107BA00055FC0028A1D10D9B089A00931399069BC0
:107BB0000598FFF791F80D90002800D1F9E60C9B8D
:107BC0000799DB430E9ADB17521A14920C9A1499F8
:107BD000D21711400C9A14911A4000231A9206935E
:107BE00007930D9B05985968FEF7CAFF0890002877
:107BF00000D1E3E60D9B0C3019001A690C310232FA
:107C0000920000F06FFD20AB01931FAB0093320098
:107C10003B00059810961197FFF7A6FB1E900028D1
:107C200000D1CBE601210598FFF7F2F80790002874
:107C30000ED100230793C1E64B239A1A4C3B934085
:107C400019400F00A7E7012252429A401640A2E7CE
:107C50001F9B1A9A149DD41A002B01DB1A9C5D19E4
:107C60000999209A5B1A36219B188A1A7A490120B1
:107C70008C460021013B15911690634506DA61465A
:107C8000C91A521A1F293FDC88401690AB180E9370
:107C9000A418099B0E9A1C192B00954200DD1300B5
:107CA000A34200DD2300002B04DD0E9AE41AD21A51
:107CB0000E92ED1A149B002B16DD1A0007990598F9
:107CC000FFF768F907900028B3D001001E9A0598C5
:107CD000FFF7B6F81390002800D16FE61E990598BB
:107CE000FEF792FF139B1E930E9B002B12DC0C9B46
:107CF000002B18DD1A9A08990598FFF74BF90890A0
:107D0000002810D1002358E65449CB1A01009940AD
:107D10001591BAE70E9A1E990598FFF797F91E90EC
:107D20000028E4D14AE6002C07DD220008990598D6
:107D3000FFF78CF908900028E4D0002D08DD2A0018
:107D400007990598FFF782F90790002800D135E6DA
:107D5000089A1E990598FFF701FA0690002800D1AD
:107D60002CE6C368079913930023C360FFF7DAF981
:107D700000283BDA139B334367D13B0365D1D622FE
:107D8000374BD2043B4093425FD9069B5B69002B83
:107D900003D1069B1B69012B57DD0699012205982B
:107DA000FFF754F907990690FFF7BCF900284CDD5E
:107DB0002B4B099A3B40002A74D0D622D20493421E
:107DC00070D8DC229204934200D893E63000390048
:107DD000244B0022F9F7D6FB214B06000F000B4283
:107DE00000D0F4E52223059A1360F0E50E970028F1
:107DF00075D1139A3B031B0B002A39D01A4A9342C0
:107E000038D10121099B494232000800002B0BD0D8
:107E1000D424134B08003B40E404A34204D86C3044
:107E20001B0DC31A99400800824223D10F4B0E99B3
:107E3000994202D1013200D1C0E5094B0E9A0026C9
:107E40001A401300802252039F18099B002BBDD1BA
:107E5000BDE5C0461898000802FCFFFFE2FBFFFFEB
:107E60000000F07F00005039FFFF0F00FFFFEF7FA1
:107E700033439DD0159B002B1CD00E9B159A1342AB
:107E8000E3D0139B30003900099A002B16D0FFF77E
:107E900039FB02000B0010981199F8F773FB0600EC
:107EA0000F00D2E70126924A76429B18914A1A4364
:107EB0001700CAE7169B3342C7D0E2E7FFF722FB61
:107EC00002000B0010981199F9F742FE00220023DE
:107ED00006000F00F8F7BAFA0028B6D00AE60799AC
:107EE0000698FFF7A1FA80230022DB0504000D00AD
:107EF000F8F7BCFA00286CD0139B002B77D1002E2A
:107F000057D10E9B1B035AD10022200029007A4B27
:107F1000F8F7A2FA002859D1200029000022774B57
:107F2000F9F730FB04000D0080231B06EB180A94C0
:107F30000B930A9A0B9B16921793714A0E9B134050
:107F40001593159A6F4B9A4200D087E06E4A0E9BAC
:107F5000944663441F0030001900FFF799F90A9A0C
:107F60000B9BF9F70FFB32003B00F8F70BFB644A61
:107F7000664B06000A409A4240D9119B644A9342DC
:107F800003D1109B013300D118E50126604F7642E2
:107F90001E990598FEF738FE08990598FEF734FEFD
:107FA00007990598FEF730FE06990598FEF72CFE16
:107FB00017E6012E03D10E9B002B00D19AE500237A
:107FC000544C4D4D0A930B940024B2E700244B4DC2
:107FD000AAE720002900494B0022F9F7D3FA139BA6
:107FE00004000D00002B9FD00A940B95A1E70023FD
:107FF000414C25000A930B941C009AE7D4239B0460
:10800000CF18099B1097002BC2D13D4B159A3B40CE
:108010009A42BDD120002900F8F764FAF8F79CFADB
:1080200002000B0020002900F9F792FD3C03139B8E
:10803000240B34430E900F91374A1C4352D0374BD8
:10804000F8F70AFA002800D0C1E40E980F99344AD4
:108050002A4BF8F715FA00289AD0B8E4099B002BB0
:108060002AD0D423159ADB049A4225D8200029006F
:108070002C4A2D4BF8F7FAF9002816D020002900D9
:10808000F8F712FA002800D10130FAF7F7F9139B3C
:1080900004000D00002B22D180231B06CB18189062
:1080A0001993189A199B16921793D622179BD204EC
:1080B0009B18159A9B1A179310981199169E179F43
:1080C000FFF7E6F802000B0030003900F9F75AFA22
:1080D000109A119BF8F756FA06000F0091E71894D2
:1080E0001995DEE7114B0E980F99F8F7B5F9B2E73D
:1080F0000000F0FFFFFF0F000000F03F0000E03F36
:108100000000F07F0000E07F0000B0FCFFFF9F7CDC
:10811000FFFFEF7F0000F0BF9535A094FFFFDF3F2A
:1081200035E5AF350000C0FFFFFFDF41FFFFCF3F68
:1081300010B5024BFFF7FEF910BDC04668000020E5
:10814000F0B585B017001E0003900191242B23D8B1
:108150000C00012B20D03D4B08229C462300614699
:108160001D780134485D010011401042F6D12D2DDB
:1081700019D125789C1C01230093102233009343CE
:108180001DD1302D15D1202123788B43582B10D1B0
:1081900065780234102612E0FDF73AFD16230360DD
:1081A000002005B0F0BD00912B2DE6D125789C1C58
:1081B000E3E7002EEED10A36302D00D1023E244AEC
:1081C000009B94466344310018000293F8F73EF890
:1081D0000022844610002B00303B092B11D81D00D3
:1081E000AE421DDD531C09D001225242844505D305
:1081F00001D1A94211DB01227043281825780134EE
:10820000E9E72B00413B192B01D8373DE8E72B006C
:10821000613B192B04D8573DE2E701225242EDE7BA
:10822000531C08D12223039A02981360002FB8D060
:10823000631E019307E0009B002B00D04042002FFB
:10824000AFD0002AF4D1019B3B60AAE74198000817
:10825000FFFFFF7F10B5FFF773FF10BDF0B58E680D
:1082600085B01F000C000B6802900392BE4230D80C
:108270000C21625E9021C9000A4228D003202169A6
:108280005B1A0193636943430198DD0FED187B1C72
:108290001B186D10AB4200D91D00520528D52900CE
:1082A0000298FEF7DDFB061E2CD0019A216900F032
:1082B00019FAA289184B1A4080231343A381019B0A
:1082C0002661F61826603E006561ED1AA560BE4283
:1082D00000D93E0032000399206800F0CEF900205A
:1082E000A3689B1BA36023689B19236005B0F0BDA6
:1082F0002A00029800F0BEFD061EE0D12169029816
:10830000FEF738FB0C230120029A40421360A28939
:1083100034331343A381E9E77FFBFFFFF0B5A1B03E
:1083200003901D008B890F0016001B0611D50B69E9
:10833000002B0ED14021FEF793FB386038610028F6
:1083400005D10C23039A136001204042CFE0402363
:108350007B61002308AC6361203363761033A3761E
:10836000079535002B78002B01D0252B48D1AB1B6E
:108370000593B5420BD0320039000398FFF76EFF2A
:10838000013000D1AEE06369059A9B1863612B78D8
:10839000002B00D1A6E0012200235242626004A912
:1083A000543252186E1C2360E360A3601370A365FF
:1083B000544B0522180031780593FDF756FC751CC7
:1083C00000281FD12268D30604D5532304A95B18C3
:1083D00020211970130704D5532304A95B182B21FE
:1083E000197033782A2B16D0350000210A20E36853
:1083F0002A786E1C303A092A50D9002911D117E089
:108400000135AFE7059B2268C01A0123834013435F
:108410002E002360CCE7079B191D1B680791002BDA
:1084200001DB0B9304E05B42E36002231343236010
:108430002B782E2B0CD16B782A2B34D1079B02354D
:108440001A1D1B680792002B01DA01235B42099376
:108450002D4E032230002978FDF707FC002806D0B6
:108460004023801B83402268013513432360297811
:10847000062226486E1C2176FDF7F7FB002838D02F
:10848000234B002B22D10722079B0733934308334A
:1084900007936369049A9B18636162E7434335005D
:1084A00001219B18A4E700230A201900013563600D
:1084B0002A786E1C303A092A03D9002BC8D00991BA
:1084C000C6E74143350001238918F1E707AA009266
:1084D00021003A000F4B0398FCF748FC0490049BE2
:1084E0000133D6D1BB890D985B0600D52CE721B0AE
:1084F000F0BD07AA009221003A00064B0398FCF752
:10850000E3FEEBE73A960008409600084496000820
:108510006D4D00085D820008F7B50C228B5E0500EA
:108520000C001A0756D44A68002A02DC0A6C002A9A
:108530004EDDE76A002F4BD0002280202E682A6093
:108540001A004001216A0240034233D0626DA389C0
:108550005B0706D56368D21A636B002B01D0236CCE
:10856000D21A00232800E76A216AB847A289431C6F
:1085700006D129681D2946D8294BCB40DB0742D5B7
:108580000023636023692360D20405D5431C02D114
:108590002B68002B00D16065616B2E60002917D01D
:1085A00023004433994202D02800FEF7E3F9002368
:1085B00063630DE001232800B8470200431CC6D1C5
:1085C0002B68002BC3D01D2B01D0162B1AD12E6087
:1085D00000201EE00E69002EFAD00F680E60BA1B54
:1085E000019200229B0700D14A69A260019B002BE7
:1085F000EEDDA36A32001F002800019B216AB84704
:10860000002807DCA2894023012013431BB2A38169
:108610004042FEBD019B36181B1A0193E6E7C04697
:10862000010040200B6970B505000C00002B02D141
:108630000025280070BD002804D0036A002B01D15A
:10864000FDF7EAF90C22A35E002BF1D0626ED2078F
:1086500004D49B0502D4A06DFDF705FB2800210082
:10866000FFF75AFF636E0500DB07E2D4A3899B0581
:10867000DFD4A06DFDF7F8FADBE710B5884202D928
:108680008B18984208D300239A4207D0CC5CC4547C
:108690000133F9E78B5C8354013AFBD210BD30B54E
:1086A0000500101E0BD00024013A2B5D085D8342AB
:1086B00004D1944202D00134002BF6D1181A30BDF7
:1086C000002370B5064D040008002B60FAF79AFAF3
:1086D000431C03D12B68002B00D0236070BDC04623
:1086E000D4030020002310B59A4200D110BDCC5C09
:1086F000C4540133F8E70000002001497047C04628
:108700000000F87F7FB514001A00094B05001B68B4
:108710000E00D868074B002C01D1074B1C000749FD
:10872000019302942B00009600F0E2FB00F0F0FBB6
:1087300018000020539600088E96000860960008E6
:1087400070B50B0C150C002B1ED1002D0CD189B26D
:1087500094B24C432100FEF783F9051E1BD0220082
:108760000021FDF7FBF916E02B1C0C1C89B292B21C
:108770004A439BB2A1B25943140C0C19230C07D1E4
:10878000240492B21443E5E7002D01D1141CEDE757
:108790000C2300250360280070BD0200F0B50469B9
:1087A00085B014324B11160002939C4231DD1F2616
:1087B0000F009B00A500D31837405519009301976F
:1087C00031420DD1160019008D4236D8009B00268B
:1087D000033B9D4202D3029BE41AA600961918E0BF
:1087E0002021019E019F891B009E039102CE944689
:1087F000F940B54216D8009B002601339D4203D3B1
:10880000029BE41AA600043E96193160002900D0AC
:108810000436B11A89100161964201D100234361E7
:1088200005B0F0BD3768039B9F400F43614680C190
:108830008C46019B02CED940DBE780C980C6C3E7E6
:108840000200303A0300092A02D8203BD8B2704710
:108850000200613A052A01D8473BF7E71A00413A7E
:108860000020052AF3D8273BF0E70000F0B589B0D7
:1088700007930B680192039006919A1C1100013234
:10888000501E00783028F9D0CB1A023B0593009196
:10889000FFF7D6FF00231D00029398421ED101224C
:1088A000A6490098FFF7FBFE0700A84200D06AE047
:1088B000009B58785C1CFFF7C3FF01230293A8427A
:1088C0002FD00094009B1878302809D0FFF7B8FF0C
:1088D000424242410123250002920593009C04E09C
:1088E000009B01330093EDE701342078FFF7A8FFE8
:1088F000071EF9D1012220009049FFF7D0FE002881
:108900000DD1002D06D1013425002078FFF798FF06
:10891000002802D12D1BAF0003E00134F5E7002D44
:10892000F8D12022237826009343502B1DD1637861
:108930002B2B2DD02D2B2FD00023661C04933078A9
:10894000FFF77EFF431EDBB20500182B2AD8707894
:10895000FFF776FF431EDBB20136103D182B1DD901
:10896000049B002B00D06D427F19069B1E60029B6A
:10897000002B19D0059B06265A4253415B421E40EC
:10898000300009B0F0BD01230027009C0293C8E726
:1089900000230493A61CD2E70123FAE70A235D43D0
:1089A0002D18D4E72600E0E7009B0299E31A013B6B
:1089B000072B0ADC0398FEF7E3F8051E08D12A000E
:1089C000E4215F4B5F48FFF79DFE01315B10EFE74D
:1089D000030014330293059300231E000493009BAD
:1089E000A34238D3059C029B40C4E41AA410300073
:1089F0002C61FEF7BDF9019B64011B68261A0093E8
:108A00009E4252DDF61A31002800FEF758FD041E82
:108A10000FD001241F212000731E1940884001003F
:108A20005A110298920012580A4202D0A34234DC32
:108A3000022431002800FFF7B0FEBF19019B9B689C
:108A4000BB4242DA29000398FEF7DEF800230E9AB3
:108A5000A326136094E7013C23782E2B12D0049BAD
:108A6000202B04D1059B40C3002605930496207853
:108A7000FFF7E6FE0F231840049B9840043306439B
:108A80000493ACE7009BA342E9D8012220002B49C4
:108A9000FFF705FE0028E2D1A1E72800B11EFEF78E
:108AA0000EFD0028C4D00324C3E7009B00249E428F
:108AB000C4DA9E1B290032000398FEF7C7FA0300B0
:108AC00014330500BF1B0293B8E7019B5E68BE42EA
:108AD0006FDD009BF61BB34236DC019BDB68022B8B
:108AE00024D0032B26D0012B17D1009BB34214D1E5
:108AF000012B0BD1019B079A5B686226136001234F
:108B0000029A2B6113600E9B1D6039E700992800C3
:108B10000139FEF7D4FC0028ECD129000398FEF7B8
:108B200073F800230E9A5026136029E70F9B002B41
:108B3000F3D1DFE70F9B002BDCD1EEE7389600087E
:108B4000CE9500088F960008771E002C2FD1002F9D
:108B500004D039002800FEF7B2FC04001F237A116C
:108B60001F401E3BBB400299920052581A4201D04E
:108B700002231C43009B31009B1B0226280000930C
:108B8000FFF70BFE019B5F68002C3FD0019BDB6869
:108B9000022B10D0032B12D0012B06D1A20704D533
:108BA000029A126814431C420CD110232DE00124B8
:108BB000D4E70126E8E701230F9A9B1A0F930F9B36
:108BC000002BF2D02B69002002939B0004932B0012
:108BD000049A143399181A68541C1CD001321A6074
:108BE0002B001433022E3FD1019A00991268013AEA
:108BF0008A4209D10A001F201040012282404911F7
:108C00008900CB5813423DD120231E430E9B1D608B
:108C1000079B1F60B4E601C39942DCD8AB68029A97
:108C20009A4218DB696803980131FDF7A9FF041E19
:108C300004D1220084211D4B1D48C4E629002A6965
:108C40000C31023292000C30FFF74CFD29000398E2
:108C5000FDF7DAFF25002B695A1C2A610122043333
:108C60009B00EB185A60BBE72A6902998A420BDD28
:108C700001212800FFF791FD019B01379B68BB4252
:108C800000DADFE60126BFE71F22009C00991440AE
:108C90001142F7D0049A9B18043B1868FEF768F855
:108CA00020231B1B9842E3DBECE7C046CE9500086F
:108CB0008F960008082370B520259A1A9200AD1AE5
:108CC000436804681E00AE40D340344304604360F0
:108CD00004308842F4D370BD30B503680C7801339A
:108CE000002C02D10360012030BD1A781500413DEF
:108CF000192D00D820320131A242EFD00020F3E735
:108D0000F0B50B688BB0019201995A1192008A1844
:108D1000029219001F22114008900691134202D0BE
:108D2000029B04330293029B00251F1F3E003C0060
:108D3000089B3D601B68079505930395059B0133D0
:108D40000993059B5B780493002B28D00498FFF7C8
:108D500077FD002855D1049B202B19D8039B079A37
:108D6000934212DDB44206D2072D04DC2A00310002
:108D70002000FFF79FFF019B08259C4205D9261F75
:108D800000253400039B35600793099B0593D5E7C5
:108D9000049B292B5AD1059B089A02331360039B2D
:108DA000002B53D0B44206D2072D04DC2A00310038
:108DB0002000FFF77FFF019B9C4236D91A00230059
:108DC00002CB02C29F42FBD2029B621CD91E04232B
:108DD000914205D3029B043B1B1B9B0801339B0064
:108DE000019AD318002204C39F42FCD23B68002B97
:108DF00004D1019B9F4227D101233B6005200BB08A
:108E0000F0BD039B013501330393082D06DD019B63
:108E10009C42BAD900230125043C23600F22236819
:108E200010401B0103432360AFE7069B002BDDD0FE
:108E30002023069A02999B1A01225242DA400439F1
:108E40000B6813400B60D1E7043FCFE70420D6E75F
:108E500082B0002900D101A9101E06D0002B06D037
:108E600013780B601078431E984102B070470220BF
:108E70004042FAE7F7B506000C001500002905D1BD
:108E80001100FDF7EDFD04002000FEBD002A03D116
:108E9000FDF770FD2C00F7E700F041F80700854270
:108EA00002D84308AB42EFD329003000FDF7D8FDCC
:108EB0000190002801D1019CE6E72A00BD4200D9BB
:108EC0003A0021000198FFF70DFC21003000FDF76A
:108ED00051FDF0E70300081E05D0FF2A04D98A22BD
:108EE00001201A604042704701200A70FBE7000031
:108EF0000EB417B5054C05AB04CB010020680193F7
:108F000000F03CF81EBC08BC03B018471800002055
:108F1000062010B500F018FA0120F9F701FE0B1F2A
:108F20001B68181F002B01DA0B58C0187047936894
:108F300010B5013B9360002B04DA9469A34207DB70
:108F40000A2905D01368581C10601970080010BD5C
:108F500000F030F90100F9E7F8B506000F00140041
:108F6000D518AC4201D1002007E021783A0030004A
:108F7000FFF7DDFF0134431CF3D1F8BDF0B5A1B01C
:108F80000F0015001E000390002804D0036A002B78
:108F900001D1FCF741FD7B6EDB0705D4BB899B0546
:108FA00002D4B86DFCF75FFEBB891B0702D53B6995
:108FB000002B13D13900039800F03EF900280DD0A2
:108FC0007B6EDB0703D50120404221B0F0BDBB8999
:108FD0009B05F8D4B86DFCF747FEF4E7002308AC16
:108FE0006361203363761033A37607962E003378BF
:108FF000002B01D0252B48D1731B0593AE420BD01B
:109000002A0039000398FFF7A7FF013000D1AEE036
:109010006369059A9B1863613378002B00D1A6E041
:10902000012200235242626004A954325218751C76
:109030002360E360A3601370A365594B05221800F9
:1090400029780593FCF711FE6E1C00281FD12268B9
:10905000D30604D5532304A95B18202119701307E4
:1090600004D5532304A95B182B2119702B782A2BC4
:1090700016D02E0000210A20E3683278751C303AA1
:10908000092A50D9002911D117E00136AFE7059B15
:109090002268C01A01238340134335002360CCE7C4
:1090A000079B191D1B680791002B01DB0B9304E044
:1090B0005B42E36002231343236033782E2B0CD1F1
:1090C00073782A2B34D1079B02361A1D1B6807922E
:1090D000002B01DA01235B420993324D0322280061
:1090E0003178FCF7C2FD002806D04023401B8340A6
:1090F0002268013613432360317806222A48751C02
:109100002176FCF7B2FD002840D0284B002B22D15D
:109110000722079B07339343083307936369049A35
:109120009B18636162E743432E0001219B18A4E76B
:1091300000230A201900013663603278751C303A2A
:10914000092A03D9002BC8D00991C6E741432E0054
:1091500001238918F1E707AA009221003A00144B75
:109160000398FBF703FE0490049B0133D6D17B6E7A
:10917000DB0705D4BB899B0502D4B86DFCF774FDF1
:10918000BB895B0600D51EE70D981EE707AA009273
:1091900021003A00064B0398FCF796F8E3E7C04637
:1091A0003A96000840960008449600086D4D000865
:1091B000598F0008F8B506000D001400002804D0EF
:1091C000036A002B01D1FCF727FCA369A360A389E4
:1091D0001B0702D52369002B09D12100300000F0C4
:1091E0002BF8002803D001256D422800F8BD236923
:1091F0002068EFB2C01A6369EDB2834205DC21003A
:109200003000FFF70FFA0028EDD1A3680130013BD1
:10921000A36023685A1C22601F706369834204D0D4
:10922000A389DB07E1D50A2DDFD121003000FFF74C
:10923000F9F90028D9D0D6E72D4B70B5050018688C
:109240000C00002804D0036A002B01D1FCF7E4FBDA
:109250000C22A35E1A0723D4DA0607D409222A6057
:10926000402201201343A38140423AE05B0713D51B
:10927000616B002908D023004433994202D02800B2
:10928000FDF778FB002363632422A3899343A38122
:1092900000236360236923600823A2891343A38109
:1092A0002369002B0BD1A0218022A3898900920081
:1092B0000B40934203D02100280000F08FF80C22CD
:1092C000A35E01211A000A400B420BD00022A260CB
:1092D00062695242A26100202269824201D11A06CB
:1092E000BED470BD990700D46269A260F3E7C0469E
:1092F0001800002070B504000D001F2904D91623A2
:1093000003600120404270BDC36B002B04D08A0073
:109310009B181A68002A08D1200000F031F82A00B2
:109320000100200000F01AF8EDE7012A09D0511CD5
:1093300003D1162303600120E5E70021280019600E
:1093400090470020DFE7000010B5034B01001868CC
:10935000FFF7D0FF10BDC04618000020002370B5F5
:10936000064D0400080011002B60F9F7C9FB431CEF
:1093700003D12B68002B00D0236070BDD4030020E4
:1093800010B5F9F7B7FB10BD70B50E001D000E2328
:10939000C95E140096B000290CDAB289802311004E
:1093A00019401A4214D18023DB0000202960236079
:1093B00016B070BD6A4600F053F80028EDDBF023CC
:1093C00001991B021940044BC9184B425941EAE765
:1093D00000214023E9E7C04600E0FFFFF0B5022688
:1093E0008B8905000C0085B0334207D0230047333A
:1093F000236023610123636105B0F0BD03AB02AAC2
:10940000FFF7C2FF029F019039002800FDF728FBFB
:10941000002808D10C22A35E9A05EDD403229343C1
:109420001E43A681E2E78023A28920601343A38123
:10943000039B20616761002B0CD028000E23E15EA6
:1094400000F020F8002805D00323A2899A43023BAC
:109450001343A381A389019A1343A381CCE700009E
:10946000002370B5064D0400080011002B60F9F7C9
:10947000A7FB431C03D12B68002B00D0236070BDD9
:10948000D4030020002370B5064D040008002B60B3
:10949000F9F7A4FB431C03D12B68002B00D02360F9
:1094A00070BDC046D4030020F8B5C046F8BC08BC67
:1094B0009E467047F8B5C046F8BC08BC9E4670474B
:1094C000440F0008020E0008E00D0008CC0D000853
:1094D000E00D0008E60E0008E00D0008CC0D0008C5
:1094E000020E0008020E0008E60E0008CC0D00086F
:1094F000C40D0008C40D0008C40D0008080F0008C2
:109500000000000000000000010203040607080933
:10951000030406080C10182030494E4600696E6698
:10952000004E414E006E616E0030003031323334F7
:1095300035363738394142434445460030313233BD
:109540003435363738396162636465660065256C89
:109550006400496E66696E697479004E614E00520E
:1095600045454E54206D616C6C6F63207375636369
:109570006565646564002F6275696C642F676E753C
:109580002D746F6F6C732D666F722D73746D333223
:109590005F31332E332E72656C312E3230323430DF
:1095A0003932362D313731352F7372632F6E65772F
:1095B0006C69622F6E65776C69622F6C6962632FCC
:1095C0007374646C69622F64746F612E630042610E
:1095D0006C6C6F6320737563636565646564002FED
:1095E0006275696C642F676E752D746F6F6C732D67
:1095F000666F722D73746D33325F31332E332E727A
:10960000656C312E32303234303932362D313731CB
:10961000352F7372632F6E65776C69622F6E657775
:109620006C69622F6C6962632F7374646C69622F5A
:109630006D707265632E63002E00232D302B200089
:10964000686C4C00656667454647004300504F53C1
:109650004958002C2066756E6374696F6E3A20005D
:10966000617373657274696F6E20222573222066A0
:1096700061696C65643A2066696C652022257322F5
:109680002C206C696E65202564257325730A002FD4
:109690006275696C642F676E752D746F6F6C732DB6
:1096A000666F722D73746D33325F31332E332E72C9
:1096B000656C312E32303234303932362D3137311B
:1096C000352F7372632F6E65776C69622F6E6577C5
:1096D0006C69622F6C6962632F7374646C69622FAA
:1096E0006764746F612D6765746865782E63000028
:1096F00005000000190000007D00000000000000CF
:109700000080E03779C34143176E05B5B5B893467D
:10971000F5F93FE9034F384D321D30F94877825A49
:109720003CBF737FDD4F1575000000000000F03F67
:10973000000000000000244000000000000059402C
:109740000000000000408F40000000000088C3407F
:1097500000000000006AF8400000000080842E41F4
:1097600000000000D01263410000000084D7974140
:109770000000000065CDCD41000000205FA0024246
:10978000000000E876483742000000A2941A6D42BB
:10979000000040E59C30A2420000901EC4BCD642AE
:1097A00000003426F56B0C430080E03779C3414359
:1097B00000A0D8855734764300C84E676DC1AB43CF
:1097C000003D9160E458E143408CB5781DAF1544ED
:1097D00050EFE2D6E41A4B4492D54D06CFF08044C8
:1097E000F64AE1C7022DB544B49DD9794378EA44DD
:1097F00034000000CEFBFFFFCB030000010000009F
:109800000000000035000000CEFBFFFFCB0300008E
:109810000100000000000000BC89D897B2D29C3C37
:1098200033A7A8D523F649393DA7F444FD0FA53247
:109830009D978CCF08BA5B25436FAC6428066811EE
:109840000020202020202020202028282828282010
:109850002020202020202020202020202020202008
:109860002088101010101010101010101010101070
:109870001004040404040404040404101010101060
:10988000101041414141414101010101010101012A
:10989000010101010101010101010101101010107C
:1098A00010104242424242420202020202020202FC
:1098B0000202020202020202020202021010101050
:1098C0002000000000000000000000000000000078
:1098D0000000000000000000000000000000000088
:1098E0000000000000000000000000000000000078
:1098F0000000000000000000000000000000000068
:109900000000000000000000000000000000000057
:109910000000000000000000000000000000000047
:109920000000000000000000000000000000000037
:109930000000000000000000000000000000000027
:049940000000000023
:04994400E90000082E
:04994800C100000852
:10994C0000002000040000000100000000000000E6
:10995C0003000000980200201C0000200000000002
:10996C009802002000030020680300200000000083
:10997C0000000000000000000000000000000000DB
:10998C0000000000000000000000000000000000CB
:10999C0000000000000000000000000000000000BB
:1099AC000000000000000000430000000000000068
:1099BC00000000000000000000000000000000009B
:1099CC000000000000000000430000000000000048
:1099DC00000000000000000000000000000000007B
:1099EC000000000000000000430000000000000028
:1099FC00000000000000000000000000000000005B
:109A0C000000000000000000430000000000000007
:109A1C00000000000000000000000000000000003A
:109A2C0000000000000000004300000000000000E7
:109A3C00000000000000000000000000000000001A
:109A4C0000000000000000004300000000000000C7
:109A5C0000000000000000000000000000000000FA
:109A6C0000000000000000004300000000000000A7
:109A7C0000000000000000000000000000000000DA
:109A8C000000000000000000D58E0008518E000878
:109A9C000000000040980008389600088E960008D8
:109AAC008E9600088E9600088E9600088E960008FA
:109ABC008E9600088E9600088E9600088E960008EA
:109ACC00FFFFFFFFFFFFFFFFFFFFFFFFFFFF000098
:109ADC000100415343494900000000000000000010
:109AEC00000000000000000000000000000000006A
:109AFC0000004153434949000000000000000000F1
:109B0C000000000000000000000000000000000049
:049B1C000000000045
:0400000508002C7D46
:00000001FF
